


/*
		<Row Type="PROJECT_CREATE_HERO_ANANSI"		Kind="KIND_PROJECT"/>
		<Row Type="PROJECT_CREATE_HERO_ARTHUR"		Kind="KIND_PROJECT"/>
		<Row Type="PROJECT_CREATE_HERO_BEOWULF"		Kind="KIND_PROJECT"/>
		<Row Type="PROJECT_CREATE_HERO_HERCULES"	Kind="KIND_PROJECT"/>
		<Row Type="PROJECT_CREATE_HERO_HIMIKO"		Kind="KIND_PROJECT"/>
		<Row Type="PROJECT_CREATE_HERO_HIPPOLYTA"	Kind="KIND_PROJECT"/>
		<Row Type="PROJECT_CREATE_HERO_HUNAHPU"		Kind="KIND_PROJECT"/>
		<Row Type="PROJECT_CREATE_HERO_OYA"			Kind="KIND_PROJECT"/>
		<Row Type="PROJECT_CREATE_HERO_MAUI"		Kind="KIND_PROJECT"/>
		<Row Type="PROJECT_CREATE_HERO_MULAN"		Kind="KIND_PROJECT"/>
		<Row Type="PROJECT_CREATE_HERO_SINBAD"		Kind="KIND_PROJECT"/>
		<Row Type="PROJECT_CREATE_HERO_WUKONG"		Kind="KIND_PROJECT"/>
		<Row Type="PROJECT_DISCOVER_NEXT_HERO"		Kind="KIND_PROJECT"/>
*/



INSERT OR IGNORE INTO AiListTypes (ListType) VALUES
('RH_HEROES_AND_LEGENDS_PROJECTS');
INSERT OR IGNORE INTO AiLists (ListType, LeaderType, System) VALUES
('RH_HEROES_AND_LEGENDS_PROJECTS', 'MAJOR_CIV_DEFAULT_TRAIT', 'Projects');
INSERT OR IGNORE INTO AiFavoredItems (ListType, Item, Favored, Value) VALUES
('RH_HEROES_AND_LEGENDS_PROJECTS', 'PROJECT_DISCOVER_NEXT_HERO', 		1, 100),
('RH_HEROES_AND_LEGENDS_PROJECTS', 'PROJECT_CREATE_HERO_BEOWULF', 		1, 100), -- Destroys Weaker Units
('RH_HEROES_AND_LEGENDS_PROJECTS', 'PROJECT_CREATE_HERO_HERCULES', 		1, 100), -- Finishs Districts
('RH_HEROES_AND_LEGENDS_PROJECTS', 'PROJECT_CREATE_HERO_HIMIKO', 		1, 100), -- Envoys
('RH_HEROES_AND_LEGENDS_PROJECTS', 'PROJECT_CREATE_HERO_HIPPOLYTA', 	1, 100), -- Restores movement and attacks
('RH_HEROES_AND_LEGENDS_PROJECTS', 'PROJECT_CREATE_HERO_HUNAHPU', 		1, 100), -- The Twins' Resurrection: Any ordinary land unit killed by Hunahpu & Xbalanque is resurrected under your control with full HP and movement.
('RH_HEROES_AND_LEGENDS_PROJECTS', 'PROJECT_CREATE_HERO_WUKONG', 		1, 0); -- Hidden


/*
		<Row UnitType="UNIT_HERO_ANANSI"	ActionCharges="6"/>
		<Row UnitType="UNIT_HERO_ARTHUR"	ActionCharges="4"/>
		<Row UnitType="UNIT_HERO_BEOWULF"	ActionCharges="6"/>
		<Row UnitType="UNIT_HERO_HERCULES"	ActionCharges="6"/>
		<Row UnitType="UNIT_HERO_HIMIKO"	ActionCharges="8"/>
		<Row UnitType="UNIT_HERO_OYA"		ActionCharges="6"/>
		<Row UnitType="UNIT_HERO_MAUI"		ActionCharges="4"/>
		<Row UnitType="UNIT_HERO_SINBAD"	ActionCharges="8"/>
*/


INSERT OR IGNORE INTO AiListTypes (ListType) VALUES
('RH_HEROES_AND_LEGENDS_UNITS');
INSERT OR IGNORE INTO AiLists (ListType, LeaderType, System) VALUES
('RH_HEROES_AND_LEGENDS_UNITS', 'MAJOR_CIV_DEFAULT_TRAIT', 'Units');
INSERT OR IGNORE INTO AiFavoredItems (ListType, Item, Favored, Value) VALUES
('RH_HEROES_AND_LEGENDS_UNITS', 'UNIT_HERO_BEOWULF', 		1, 100),
('RH_HEROES_AND_LEGENDS_UNITS', 'UNIT_HERO_HERCULES', 		1, 100), 
('RH_HEROES_AND_LEGENDS_UNITS', 'UNIT_HERO_HIMIKO', 		1, 100), 
('RH_HEROES_AND_LEGENDS_UNITS', 'UNIT_HERO_WUKONG', 		1, 20), 
('RH_HEROES_AND_LEGENDS_UNITS', 'UNIT_HERO_BEOWULF', 		1, 100), 
('RH_HEROES_AND_LEGENDS_UNITS', 'UNIT_HERO_HIPPOLYTA', 		1, 100);





