

-- RH Internal Strat Part 1
-- Author: RomanHoliday
-- DateCreated: 1/11/2023 16:30:31 PM
-- Copyright 2024,© RomanHoliday, All rights reserved


----------------------------------------------------------------------------------------------------------------------------------

-- Requirement Sets


INSERT OR IGNORE INTO RequirementSets (RequirementSetId, RequirementSetType) VALUES
		('RH_NO_RELIGION_MAJOR_REQ_S', 'REQUIREMENTSET_TEST_ALL');

INSERT OR IGNORE INTO RequirementSetRequirements  (RequirementSetId, RequirementId) VALUES	
		('RH_NO_RELIGION_MAJOR_REQ_S', 'RH_NO_RELIGION_REQ'),
		('RH_NO_RELIGION_MAJOR_REQ_S', 'REQUIRES_PLAYER_IS_AI');

INSERT INTO Requirements     (RequirementId, 			RequirementType,					Inverse) VALUES	
('RH_NO_RELIGION_REQ',						'REQUIRES_PLAYER_FOUNDED_RELIGION',		1);


INSERT OR IGNORE INTO RequirementSets (RequirementSetId, RequirementSetType) VALUES
		('RH_HAS_RELIGION_MAJOR_REQ_S', 'REQUIREMENTSET_TEST_ALL');

INSERT OR IGNORE INTO RequirementSetRequirements  (RequirementSetId, RequirementId) VALUES	
		('RH_HAS_RELIGION_MAJOR_REQ_S', 'RH_HAS_RELIGION_REQ'),
		('RH_HAS_RELIGION_MAJOR_REQ_S', 'RH_PLAYER_AT_ANCIENT_ERA'),
		('RH_HAS_RELIGION_MAJOR_REQ_S', 'RH_PLAYER_NOT_MEDIEVAL_ERA'),
		('RH_HAS_RELIGION_MAJOR_REQ_S', 'REQUIRES_PLAYER_IS_AI');

INSERT INTO Requirements     (RequirementId, 			RequirementType,					Inverse) VALUES	
('RH_HAS_RELIGION_REQ',						'REQUIRES_PLAYER_FOUNDED_RELIGION',		0);



-- Tier 4 Gov Civic Req
INSERT OR IGNORE INTO Requirements   	(RequirementId, RequirementType)  VALUES	
	('RH_TIER_4_GOV_CIVIC_REQ', 'REQUIREMENT_PLAYER_HAS_CIVIC');

INSERT OR IGNORE INTO RequirementArguments  (RequirementId,	Name, Value) VALUES	
('RH_TIER_4_GOV_CIVIC_REQ', 'CivicType', 'CIVIC_INFORMATION_WARFARE');


INSERT OR IGNORE INTO Requirements   	(RequirementId, RequirementType)  VALUES	
	('RH_TIER_2_GOV_CIVIC_REQ', 'REQUIREMENT_PLAYER_HAS_CIVIC');

INSERT OR IGNORE INTO RequirementArguments  (RequirementId,	Name, Value) VALUES	
('RH_TIER_2_GOV_CIVIC_REQ', 'CivicType', 'CIVIC_DIPLOMATIC_SERVICE');




INSERT OR IGNORE INTO RequirementSets (RequirementSetId, RequirementSetType) VALUES
		('RH_AT_WAR_MAJOR_REQ_S', 'REQUIREMENTSET_TEST_ALL'),
		('RH_MIL_Reforms_Req_S', 'REQUIREMENTSET_TEST_ALL'),
		('RH_MIL_Reforms_Req_S_Late', 'REQUIREMENTSET_TEST_ALL');

INSERT OR IGNORE INTO RequirementSetRequirements  (RequirementSetId, RequirementId) VALUES	
		('RH_AT_WAR_MAJOR_REQ_S', 'RH_AT_WAR_REQ'),
		('RH_AT_WAR_MAJOR_REQ_S', 'REQUIRES_PLAYER_IS_AI');

INSERT OR IGNORE INTO RequirementSetRequirements  (RequirementSetId, RequirementId) VALUES	
		('RH_MIL_Reforms_Req_S', 'RH_AI_HAS_CAPITALS'),
		('RH_MIL_Reforms_Req_S', 'RH_TIER_2_GOV_CIVIC_REQ'),
		('RH_MIL_Reforms_Req_S', 'REQUIRES_PLAYER_IS_AI');

INSERT OR IGNORE INTO RequirementSetRequirements  (RequirementSetId, RequirementId) VALUES	
		('RH_MIL_Reforms_Req_S_Late', 'RH_AI_HAS_CAPITALS'),
		('RH_MIL_Reforms_Req_S_Late', 'RH_TIER_4_GOV_CIVIC_REQ'),
		('RH_MIL_Reforms_Req_S_Late', 'REQUIRES_PLAYER_IS_AI');


-- Already Defined
--INSERT INTO Requirements     (RequirementId, 			RequirementType,					Inverse) VALUES	
--('RH_AT_WAR_REQ',						'REQUIREMENT_PLAYER_IS_AT_PEACE',		1);

-- Testing to see if the internal AI detects at peace better
-- REQUIREMENT_PLAYER_IS_AT_PEACE
-- REQUIREMENT_PLAYER_IS_AT_PEACE_WITH_ALL_MAJORS

INSERT OR IGNORE INTO Requirements   	(RequirementId, RequirementType)  VALUES	
		('RH_AI_HAS_CAPITALS', 			'REQUIREMENT_COLLECTION_COUNT_ATLEAST');

INSERT OR IGNORE INTO RequirementArguments   (RequirementId,	Name, Value)  VALUES	
('RH_AI_HAS_CAPITALS', 'CollectionType', 'COLLECTION_PLAYER_CAPITAL_CITY'),
('RH_AI_HAS_CAPITALS', 'Count', '2');


	
/*

		<Row>
			<ModifierId>TRAIT_CAPTURED_LOYALTY</ModifierId>
			<ModifierType>MODIFIER_PLAYER_CITIES_ADJUST_IDENTITY_PER_TURN</ModifierType>
			<SubjectRequirementSetId>CITY_NOT_FOUNDED</SubjectRequirementSetId>
		</Row>
		<Row>
			<ModifierId>TRAIT_CAPTURED_AMENITY</ModifierId>
			<ModifierType>MODIFIER_PLAYER_CITIES_ADJUST_TRAIT_AMENITY</ModifierType>
			<SubjectRequirementSetId>CITY_NOT_FOUNDED</SubjectRequirementSetId>
		</Row>
		<Row>
		
*/


/*
		<Row>
			<RequirementSetId>PLAYER_LEADS_WONDERS</RequirementSetId>
			<RequirementId>REQUIRES_MAJOR_CIV_OPPONENT</RequirementId>
		</Row>
		<Row>
			<RequirementSetId>PLAYER_LEADS_WONDERS</RequirementSetId>
			<RequirementId>REQUIRES_MET_10_TURNS_AGO</RequirementId>
		</Row>
		<Row>
			<RequirementSetId>PLAYER_LEADS_WONDERS</RequirementSetId>
			<RequirementId>REQUIRES_LEADS_WONDERS</RequirementId>
		</Row>
*/

--INSERT OR IGNORE INTO Requirements   	(RequirementId, RequirementType, Inverse)  VALUES	
	--	('AI_NO_CIVIL_SERVICE', 'REQUIREMENT_PLAYER_HAS_CIVIC', 1);
INSERT OR IGNORE INTO Requirements   	(RequirementId, RequirementType)  VALUES	
		('RH_AI_HIGH_WONDERS', 'REQUIREMENT_PLAYER_BUILT_WONDER');


-- High Faith Adj

INSERT OR IGNORE INTO RequirementSets (RequirementSetId, RequirementSetType) VALUES
		('RH_SACRED_PLACES_PUSH', 'REQUIREMENTSET_TEST_ALL'),
		('RH_WORK_ETHIC_PUSH_REQ_S_2', 'REQUIREMENTSET_TEST_ALL'),
		('RH_WORK_ETHIC_PUSH_REQ_S_4', 'REQUIREMENTSET_TEST_ALL'),
		('RH_WORK_ETHIC_PUSH_REQ_S_6', 'REQUIREMENTSET_TEST_ALL'),
		('RH_NATURAL_PHILO_PUSH_REQ_S_2', 'REQUIREMENTSET_TEST_ALL'),
		('RH_NATURAL_PHILO_PUSH_REQ_S_4', 'REQUIREMENTSET_TEST_ALL'),
		('RH_CRAFTSMEN_PUSH_REQ_S_3', 'REQUIREMENTSET_TEST_ALL');

INSERT OR IGNORE INTO RequirementSetRequirements  (RequirementSetId, RequirementId) VALUES	
	--	('RH_WORK_ETHIC_PUSH_REQ_S_2', 'AI_NO_CIVIL_SERVICE'),
		('RH_WORK_ETHIC_PUSH_REQ_S_2', 'RH_PLAYER_AT_ANCIENT_ERA'),
		('RH_WORK_ETHIC_PUSH_REQ_S_2', 'RH_PLAYER_NOT_MEDIEVAL_ERA'),
	--	('RH_WORK_ETHIC_PUSH_REQ_S_2', 'REQUIRES_RH_HAS_CIVIC_DEFENSE'), -- testing
		('RH_WORK_ETHIC_PUSH_REQ_S_2', 'RH_AI_HIGH_FAITH_ADJ_2'),
		('RH_WORK_ETHIC_PUSH_REQ_S_2', 'REQUIRES_PLAYER_IS_AI');
	
INSERT OR IGNORE INTO RequirementSetRequirements  (RequirementSetId, RequirementId) VALUES	
	--	('RH_WORK_ETHIC_PUSH_REQ_S_4', 'AI_NO_CIVIL_SERVICE'),
		('RH_WORK_ETHIC_PUSH_REQ_S_4', 'RH_PLAYER_AT_ANCIENT_ERA'),
		('RH_WORK_ETHIC_PUSH_REQ_S_4', 'RH_PLAYER_NOT_MEDIEVAL_ERA'),
		('RH_WORK_ETHIC_PUSH_REQ_S_4', 'RH_AI_HIGH_FAITH_ADJ_5'),
		('RH_WORK_ETHIC_PUSH_REQ_S_4', 'REQUIRES_PLAYER_IS_AI');
		
INSERT OR IGNORE INTO RequirementSetRequirements  (RequirementSetId, RequirementId) VALUES	
	--	('RH_WORK_ETHIC_PUSH_REQ_S_6', 'AI_NO_CIVIL_SERVICE'),
		('RH_WORK_ETHIC_PUSH_REQ_S_6', 'RH_PLAYER_AT_ANCIENT_ERA'),
		('RH_WORK_ETHIC_PUSH_REQ_S_6', 'RH_PLAYER_NOT_MEDIEVAL_ERA'),
		('RH_WORK_ETHIC_PUSH_REQ_S_6', 'RH_AI_HIGH_FAITH_ADJ_7'),
		('RH_WORK_ETHIC_PUSH_REQ_S_6', 'REQUIRES_PLAYER_IS_AI');		
		
INSERT OR IGNORE INTO RequirementSetRequirements  (RequirementSetId, RequirementId) VALUES	
		('RH_NATURAL_PHILO_PUSH_REQ_S_2', 'RH_PLAYER_AT_ANCIENT_ERA'),
		('RH_NATURAL_PHILO_PUSH_REQ_S_2', 'RH_PLAYER_NOT_MEDIEVAL_ERA'),
		('RH_NATURAL_PHILO_PUSH_REQ_S_2', 'RH_AI_HIGH_SCI_ADJ_2'),
		('RH_NATURAL_PHILO_PUSH_REQ_S_2', 'REQUIRES_PLAYER_IS_AI');


INSERT OR IGNORE INTO RequirementSetRequirements  (RequirementSetId, RequirementId) VALUES	
		('RH_NATURAL_PHILO_PUSH_REQ_S_4', 'RH_PLAYER_AT_ANCIENT_ERA'),
		('RH_NATURAL_PHILO_PUSH_REQ_S_4', 'RH_PLAYER_NOT_MEDIEVAL_ERA'),
		('RH_NATURAL_PHILO_PUSH_REQ_S_4', 'RH_AI_HIGH_SCI_ADJ_4'),
		('RH_NATURAL_PHILO_PUSH_REQ_S_4', 'REQUIRES_PLAYER_IS_AI');

INSERT OR IGNORE INTO RequirementSetRequirements  (RequirementSetId, RequirementId) VALUES	
		('RH_CRAFTSMEN_PUSH_REQ_S_3', 'RH_PLAYER_AT_ANCIENT_ERA'),
		('RH_CRAFTSMEN_PUSH_REQ_S_3', 'RH_PLAYER_NOT_MEDIEVAL_ERA'),
		('RH_CRAFTSMEN_PUSH_REQ_S_3', 'RH_AI_HIGH_PRD_ADJ_3'),
		('RH_CRAFTSMEN_PUSH_REQ_S_3', 'REQUIRES_PLAYER_IS_AI');


INSERT OR IGNORE INTO RequirementSetRequirements  (RequirementSetId, RequirementId) VALUES	
		('RH_SACRED_PLACES_PUSH', 'RH_PLAYER_AT_ANCIENT_ERA'),
		('RH_SACRED_PLACES_PUSH', 'RH_PLAYER_NOT_MEDIEVAL_ERA'),
		('RH_SACRED_PLACES_PUSH', 'RH_AI_HIGH_WONDERS'),
		('RH_SACRED_PLACES_PUSH', 'REQUIRES_PLAYER_IS_AI');

INSERT OR IGNORE INTO Requirements   	(RequirementId, RequirementType)  VALUES	
		('RH_AI_HIGH_FAITH_ADJ_2', 		'REQUIREMENT_CITY_HAS_HIGH_ADJACENCY_DISTRICT'),
		('RH_AI_HIGH_FAITH_ADJ_5', 		'REQUIREMENT_CITY_HAS_HIGH_ADJACENCY_DISTRICT'),
		('RH_AI_HIGH_FAITH_ADJ_7', 		'REQUIREMENT_CITY_HAS_HIGH_ADJACENCY_DISTRICT'),
		('RH_AI_HIGH_SCI_ADJ_2', 		'REQUIREMENT_CITY_HAS_HIGH_ADJACENCY_DISTRICT'),
		('RH_AI_HIGH_SCI_ADJ_4', 		'REQUIREMENT_CITY_HAS_HIGH_ADJACENCY_DISTRICT'),
		('RH_AI_HIGH_PRD_ADJ_3', 	'REQUIREMENT_CITY_HAS_HIGH_ADJACENCY_DISTRICT');
		

INSERT OR IGNORE INTO RequirementArguments   (RequirementId,	Name, Value)  VALUES	
('RH_AI_HIGH_FAITH_ADJ_2', 'DistrictType', 'DISTRICT_HOLY_SITE'),
('RH_AI_HIGH_FAITH_ADJ_2', 'YieldType', 'YIELD_FAITH'),
('RH_AI_HIGH_FAITH_ADJ_2', 'Amount', '2');

INSERT OR IGNORE INTO RequirementArguments   (RequirementId,	Name, Value)  VALUES	
('RH_AI_HIGH_FAITH_ADJ_5', 'DistrictType', 'DISTRICT_HOLY_SITE'),
('RH_AI_HIGH_FAITH_ADJ_5', 'YieldType', 'YIELD_FAITH'),
('RH_AI_HIGH_FAITH_ADJ_5', 'Amount', '4');

INSERT OR IGNORE INTO RequirementArguments   (RequirementId,	Name, Value)  VALUES	
('RH_AI_HIGH_FAITH_ADJ_7', 'DistrictType', 'DISTRICT_HOLY_SITE'),
('RH_AI_HIGH_FAITH_ADJ_7', 'YieldType', 'YIELD_FAITH'),
('RH_AI_HIGH_FAITH_ADJ_7', 'Amount', '6');



INSERT OR IGNORE INTO RequirementArguments   (RequirementId,	Name, Value)  VALUES	
('RH_AI_HIGH_SCI_ADJ_2', 'DistrictType', 'DISTRICT_CAMPUS'),
('RH_AI_HIGH_SCI_ADJ_2', 'YieldType', 'YIELD_SCIENCE'),
('RH_AI_HIGH_SCI_ADJ_2', 'Amount', '2');


INSERT OR IGNORE INTO RequirementArguments   (RequirementId,	Name, Value)  VALUES	
('RH_AI_HIGH_SCI_ADJ_4', 'DistrictType', 'DISTRICT_CAMPUS'),
('RH_AI_HIGH_SCI_ADJ_4', 'YieldType', 'YIELD_SCIENCE'),
('RH_AI_HIGH_SCI_ADJ_4', 'Amount', '4');


INSERT OR IGNORE INTO RequirementArguments   (RequirementId,	Name, Value)  VALUES	
('RH_AI_HIGH_PRD_ADJ_3',		 'DistrictType', 'DISTRICT_INDUSTRIAL_ZONE'),
('RH_AI_HIGH_PRD_ADJ_3', 	   	 'YieldType', 'YIELD_PRODUCTION'),
('RH_AI_HIGH_PRD_ADJ_3', 		 'Amount', '2');



INSERT OR IGNORE INTO Requirements (RequirementId, RequirementType) VALUES
		('REQUIRES_RH_HAS_CIVIC_DEFENSE', 		'REQUIREMENT_PLAYER_HAS_CIVIC');

INSERT OR IGNORE INTO RequirementArguments  (RequirementId,	Name, Value) VALUES
		('REQUIRES_RH_HAS_CIVIC_DEFENSE',			'CivicType',	'CIVIC_DEFENSIVE_TACTICS');


INSERT OR IGNORE INTO RequirementSets (RequirementSetId, RequirementSetType) VALUES
		('RH_AI_ANCIENT_ONLY_REQ_S', 'REQUIREMENTSET_TEST_ALL');

INSERT OR IGNORE INTO RequirementSetRequirements  (RequirementSetId, RequirementId) VALUES	
		('RH_AI_ANCIENT_ONLY_REQ_S', 'RH_PLAYER_AT_ANCIENT_ERA'),
		('RH_AI_ANCIENT_ONLY_REQ_S', 'RH_PLAYER_NOT_MEDIEVAL_ERA'),
		('RH_AI_ANCIENT_ONLY_REQ_S', 'REQUIRES_RH_HAS_CIVIC_DEFENSE'), -- testing
		('RH_AI_ANCIENT_ONLY_REQ_S', 'REQUIRES_PLAYER_IS_AI');	


INSERT OR IGNORE INTO RequirementSets (RequirementSetId, RequirementSetType) VALUES
		('RH_AI_ANC_AND_CLAS_REQ_S', 'REQUIREMENTSET_TEST_ALL');

INSERT OR IGNORE INTO RequirementSetRequirements  (RequirementSetId, RequirementId) VALUES	
		('RH_AI_ANC_AND_CLAS_REQ_S', 'RH_PLAYER_NOT_MEDIEVAL_ERA'),
		('RH_AI_ANC_AND_CLAS_REQ_S', 'REQUIRES_PLAYER_IS_AI');	



INSERT OR IGNORE INTO RequirementSets (RequirementSetId, RequirementSetType) VALUES
		('RH_AI_EARLY_ONLY_REQ_S', 'REQUIREMENTSET_TEST_ALL');

INSERT OR IGNORE INTO RequirementSetRequirements  (RequirementSetId, RequirementId) VALUES	
		('RH_AI_EARLY_ONLY_REQ_S', 'RH_PLAYER_NOT_MEDIEVAL_ERA'),
		('RH_AI_EARLY_ONLY_REQ_S', 'REQUIRES_PLAYER_IS_AI');	




--('AI_NO_CIVIL_SERVICE', 'CivicType', 'CIVIC_CIVIL_SERVICE');


/*
		<Row>
			<ModifierId>SIMULTANEUM_BUILDING_YIELDS_HIGH_ADJACENCY</ModifierId>
			<ModifierType>MODIFIER_PLAYER_CITIES_ADJUST_BUILDING_YIELD_MODIFIERS_FOR_DISTRICT</ModifierType>
			<SubjectRequirementSetId>HOLY_SITE_HAS_HIGH_ADJACENCY</SubjectRequirementSetId>
		</Row>
		
		<Row>
			<RequirementSetId>HOLY_SITE_HAS_HIGH_ADJACENCY</RequirementSetId>
			<RequirementSetType>REQUIREMENTSET_TEST_ALL</RequirementSetType>
		</Row>
		
		<Row>
			<RequirementSetId>HOLY_SITE_HAS_HIGH_ADJACENCY</RequirementSetId>
			<RequirementId>REQUIRES_HOLY_SITE_HAS_HIGH_ADJACENCY</RequirementId>
		</Row>
		
		<Row>
			<RequirementId>REQUIRES_HOLY_SITE_HAS_HIGH_ADJACENCY</RequirementId>
			<RequirementType>REQUIREMENT_CITY_HAS_HIGH_ADJACENCY_DISTRICT</RequirementType>
		</Row>
		
		<Row>
			<RequirementId>REQUIRES_HOLY_SITE_HAS_HIGH_ADJACENCY</RequirementId>
			<Name>DistrictType</Name>
			<Value>DISTRICT_HOLY_SITE</Value>
		</Row>
		<Row>
			<RequirementId>REQUIRES_HOLY_SITE_HAS_HIGH_ADJACENCY</RequirementId>
			<Name>YieldType</Name>
			<Value>YIELD_FAITH</Value>
		</Row>
		<Row>
			<RequirementId>REQUIRES_HOLY_SITE_HAS_HIGH_ADJACENCY</RequirementId>
			<Name>Amount</Name>
			<Value>4</Value>
		</Row>
		
*/



-- Gov move on		
		
/*
INSERT OR IGNORE INTO GovernmentModifiers (GovernmentType, ModifierId)  VALUES		
			('GOVERNMENT_CHIEFDOM', 					'RH_GOV_MODIFIER_DIS_CLASSICAL_REPUBLIC'),
			('GOVERNMENT_CLASSICAL_REPUBLIC', 			'RH_GOV_MODIFIER_DIS_CLASSICAL_REPUBLIC'),
			('GOVERNMENT_OLIGARCHY', 					'RH_GOV_MODIFIER_DIS_OLIGARCHY'),
			('GOVERNMENT_AUTOCRACY', 					'RH_GOV_MODIFIER_DIS_AUTOCRACY');
		
INSERT OR IGNORE INTO Modifiers  (ModifierId, ModifierType, SubjectRequirementSetId) VALUES		
			('RH_GOV_MODIFIER_DIS_CLASSICAL_REPUBLIC',				'MODIFIER_PLAYER_CITIES_ADJUST_CITY_YIELD_CHANGE',	'RH_AI_TIER_1_GOV_MOVE'),
			('RH_GOV_MODIFIER_DIS_OLIGARCHY',				'MODIFIER_PLAYER_CITIES_ADJUST_CITY_YIELD_CHANGE',			'RH_AI_TIER_1_GOV_MOVE'),
			('RH_GOV_MODIFIER_DIS_AUTOCRACY',					'MODIFIER_PLAYER_CITIES_ADJUST_CITY_YIELD_CHANGE',		'RH_AI_TIER_1_GOV_MOVE');

INSERT OR IGNORE INTO ModifierArguments  (ModifierId, Name, Value) VALUES	
		('RH_GOV_MODIFIER_DIS_CLASSICAL_REPUBLIC',			'YieldType', 'YIELD_CULTURE'),
		('RH_GOV_MODIFIER_DIS_CLASSICAL_REPUBLIC',			'Amount'   , -900),
		('RH_GOV_MODIFIER_DIS_OLIGARCHY',					'YieldType', 'YIELD_CULTURE'),
		('RH_GOV_MODIFIER_DIS_OLIGARCHY',					'Amount'   , -900),	
		('RH_GOV_MODIFIER_DIS_AUTOCRACY',					'YieldType', 'YIELD_CULTURE'),
		('RH_GOV_MODIFIER_DIS_AUTOCRACY',					'Amount'   , -900);

		

INSERT OR IGNORE INTO RequirementSets (RequirementSetId, RequirementSetType) VALUES	
		('RH_AI_TIER_1_GOV_MOVE', 'REQUIREMENTSET_TEST_ALL');

INSERT OR IGNORE INTO RequirementSetRequirements  (RequirementSetId, RequirementId) VALUES	
		('RH_AI_TIER_1_GOV_MOVE', 'AI_MID_CIVIC'),
		('RH_AI_TIER_1_GOV_MOVE', 'REQUIRES_PLAYER_IS_AI');
	
INSERT OR IGNORE INTO Requirements   	(RequirementId, RequirementType)  VALUES	
	('AI_MID_CIVIC', 'REQUIREMENT_PLAYER_HAS_CIVIC');

INSERT OR IGNORE INTO RequirementArguments  (RequirementId,	Name, Value) VALUES	
('AI_MID_CIVIC', 'CivicType', 'CIVIC_NATIONALISM');

*/
		
	

-----------------------------------------------------------------------------------------------------------------------------------
	

	
INSERT OR IGNORE INTO	TraitModifiers	(TraitType,					ModifierId)  VALUES		
	--		('TRAIT_LEADER_MAJOR_CIV',	'RH_CIVIC_PRODUCTION_PENALTY_MERC'),
	--		('TRAIT_LEADER_MAJOR_CIV',	'AI_SHRINE_MOD'),
	--		('TRAIT_LEADER_MAJOR_CIV',	'AI_TEMPLE_MOD'),
			
	--		('TRAIT_LEADER_MAJOR_CIV',	'RH_CIVIC_PRODUCTION_PENALTY_ENL'),
			
			('TRAIT_LEADER_MAJOR_CIV',	'RH_CIVIC_ENC_DIVINE_RIGHT'),
			('TRAIT_LEADER_MAJOR_CIV',	'RH_CIVIC_ENC_EXPLORATION'),
			('TRAIT_LEADER_MAJOR_CIV',	'RH_CIVIC_ENC_THEOLOGY');

INSERT OR IGNORE INTO	Modifiers	(ModifierId,							ModifierType, 										SubjectRequirementSetId) VALUES		
	--		('RH_CIVIC_PRODUCTION_PENALTY_MERC',	'MODIFIER_PLAYER_ADJUST_DUPLICATE_FIRST_INFLUENCE_TOKEN', 'AI_GET_CIVIC_MERCANTILISM'),
	--		('RH_CIVIC_PRODUCTION_PENALTY_ENL',	'MODIFIER_PLAYER_ADJUST_DUPLICATE_FIRST_INFLUENCE_TOKEN', 'AI_GET_CIVIC_THE_ENLIGHTENMENT'),

			('RH_CIVIC_ENC_DIVINE_RIGHT',	'MODIFIER_PLAYER_ADJUST_DUPLICATE_FIRST_INFLUENCE_TOKEN', 'RH_HAS_DIVINE_RIGHT_REQ_S'),
			('RH_CIVIC_ENC_EXPLORATION',	'MODIFIER_PLAYER_ADJUST_DUPLICATE_FIRST_INFLUENCE_TOKEN', 'RH_HAS_EXPLORATION_REQ_S'),
			('RH_CIVIC_ENC_THEOLOGY',	'MODIFIER_PLAYER_ADJUST_DUPLICATE_FIRST_INFLUENCE_TOKEN', 		'RH_HAS_THEOLOGY_REQ_S');

INSERT OR IGNORE INTO	ModifierArguments	(ModifierId,									Name,				Value) VALUES		
/*
	--		('RH_CIVIC_PRODUCTION_PENALTY_MERC',			'YieldType',			'YIELD_GOLD'),
			('RH_CIVIC_PRODUCTION_PENALTY_MERC',			'Amount',				-1),
	--		('RH_CIVIC_FAITH_PENALTY_MED',					'YieldType',			'YIELD_FAITH'),
	--		('RH_CIVIC_FAITH_PENALTY_MED',					'Amount',				-1),
		--	('RH_CIVIC_PRODUCTION_PENALTY_ENL',				'YieldType',		    'YIELD_GOLD'),
			('RH_CIVIC_PRODUCTION_PENALTY_ENL',				'Amount',			    -1),
*/

			('RH_CIVIC_ENC_DIVINE_RIGHT',				'Amount',			    1),
			('RH_CIVIC_ENC_EXPLORATION',				'Amount',			    1),
			('RH_CIVIC_ENC_THEOLOGY',					'Amount',			    	1);

INSERT OR IGNORE INTO RequirementSets (RequirementSetId, RequirementSetType)  VALUES
		('AI_GET_CIVIC_MERCANTILISM', 'REQUIREMENTSET_TEST_ALL'),
		('AI_GET_CIVIC_MED', 			'REQUIREMENTSET_TEST_ALL'),
		('AI_GET_CIVIC_THE_ENLIGHTENMENT', 'REQUIREMENTSET_TEST_ALL'),
		
		('RH_HAS_DIVINE_RIGHT_REQ_S', 		'REQUIREMENTSET_TEST_ALL'),
		('RH_HAS_EXPLORATION_REQ_S', 			'REQUIREMENTSET_TEST_ALL'),
		('RH_HAS_THEOLOGY_REQ_S', 			'REQUIREMENTSET_TEST_ALL');
		

INSERT OR IGNORE INTO RequirementSetRequirements (RequirementSetId, RequirementId) VALUES
		('AI_GET_CIVIC_MERCANTILISM', 'REQUIRES_RH_HAS_CIVIC_MERCANTILISM'),
		('AI_GET_CIVIC_MERCANTILISM', 'REQUIRES_PLAYER_IS_AI'),
		
		('AI_GET_CIVIC_MED', 			'REQUIRES_RH_HAS_CIVIC_MED'),
		('AI_GET_CIVIC_MED', 			'REQUIRES_PLAYER_IS_AI'),
		
		('AI_GET_CIVIC_THE_ENLIGHTENMENT', 'REQUIRES_RH_HAS_CIVIC_THE_ENLIGHTENMENT'),
		('AI_GET_CIVIC_THE_ENLIGHTENMENT', 'REQUIRES_PLAYER_IS_AI'),
		
		('RH_HAS_DIVINE_RIGHT_REQ_S', 			'REQUIRES_RH_HAS_CIVIC_MERCANTILISM'),
		('RH_HAS_DIVINE_RIGHT_REQ_S', 			'REQUIRES_PLAYER_IS_AI'),
		
		('RH_HAS_EXPLORATION_REQ_S', 			'REQUIRES_RH_HAS_CIVIC_MED'),
		('RH_HAS_EXPLORATION_REQ_S', 			'REQUIRES_PLAYER_IS_AI'),
		
		('RH_HAS_THEOLOGY_REQ_S', 				'REQUIRES_RH_HAS_CIVIC_THE_ENLIGHTENMENT'),
		('RH_HAS_THEOLOGY_REQ_S', 				'REQUIRES_PLAYER_IS_AI');
		
		
INSERT OR IGNORE INTO Requirements (RequirementId, RequirementType) VALUES
		('REQUIRES_RH_HAS_CIVIC_MERCANTILISM', 		'REQUIREMENT_PLAYER_HAS_CIVIC'),
		('REQUIRES_RH_HAS_CIVIC_MED', 				'REQUIREMENT_PLAYER_HAS_CIVIC'),
		('REQUIRES_RH_HAS_CIVIC_THE_ENLIGHTENMENT', 'REQUIREMENT_PLAYER_HAS_CIVIC'),

		('REQUIRES_RH_HAS_CIVIC_DIVINE_RIGHT', 		'REQUIREMENT_PLAYER_HAS_CIVIC'),
		('REQUIRES_RH_HAS_CIVIC_EXPLORATION', 		'REQUIREMENT_PLAYER_HAS_CIVIC'),
		('REQUIRES_RH_HAS_CIVIC_THEOLOGY', 			'REQUIREMENT_PLAYER_HAS_CIVIC');

INSERT OR IGNORE INTO RequirementArguments  (RequirementId,	Name, Value) VALUES
		('REQUIRES_RH_HAS_CIVIC_MERCANTILISM',			'CivicType',	'CIVIC_HUMANISM'),
		('REQUIRES_RH_HAS_CIVIC_MED',					'CivicType',	'CIVIC_CIVIL_SERVICE'),
		('REQUIRES_RH_HAS_CIVIC_THE_ENLIGHTENMENT',		'CivicType',	'CIVIC_DIPLOMATIC_SERVICE'),
	
		('REQUIRES_RH_HAS_CIVIC_DIVINE_RIGHT',			'CivicType',	'CIVIC_DIVINE_RIGHT'),
		('REQUIRES_RH_HAS_CIVIC_EXPLORATION',			'CivicType',	'CIVIC_EXPLORATION'),
		('REQUIRES_RH_HAS_CIVIC_THEOLOGY',				'CivicType',	'CIVIC_THEOLOGY');
	
	
	
	
	


INSERT OR IGNORE INTO	TraitModifiers	(TraitType,					ModifierId)  VALUES		
			('TRAIT_LEADER_MAJOR_CIV',				'RH_CIVIC_ENC_TT'),
			('TRAIT_LEADER_AGGRESSIVE_MILITARY',	'RH_CIVIC_ENC_TT'),
			
			('TRAIT_LEADER_MAJOR_CIV',				'RH_CIVIC_ENC_CS'),
			('TRAIT_LEADER_MAJOR_CIV',				'RH_CIVIC_ENC_RC'),
			('TRAIT_LEADER_MAJOR_CIV',				'RH_CIVIC_ENC_SF');

INSERT OR IGNORE INTO	Modifiers	(ModifierId,				ModifierType, 			SubjectRequirementSetId) VALUES		
			('RH_CIVIC_ENC_TT',	'MODIFIER_PLAYER_ADJUST_GREAT_PERSON_POINTS', 'AI_GET_CIVIC_TT'),
			
			('RH_CIVIC_ENC_CS',	'MODIFIER_PLAYER_ADJUST_GREAT_PERSON_POINTS', 'AI_GET_CIVIC_CS'),
			('RH_CIVIC_ENC_RC',	'MODIFIER_PLAYER_ADJUST_GREAT_PERSON_POINTS', 'AI_GET_CIVIC_RC'),
			
			('RH_CIVIC_ENC_SF',	'MODIFIER_PLAYER_ADJUST_GREAT_PERSON_POINTS', 'AI_GET_CIVIC_SF');

INSERT OR IGNORE INTO	ModifierArguments	(ModifierId,									Name,				Value) VALUES		
			('RH_CIVIC_ENC_TT',				'GreatPersonClassType',			'GREAT_PERSON_CLASS_GENERAL'),
			('RH_CIVIC_ENC_TT',				'Amount',								25),
			('RH_CIVIC_ENC_CS',				'GreatPersonClassType',		        'GREAT_PERSON_CLASS_SCIENTIST'),
			('RH_CIVIC_ENC_CS',				'Amount',			       				 15),
			
			('RH_CIVIC_ENC_RC',				'GreatPersonClassType',		        'GREAT_PERSON_CLASS_PROPHET'),
			('RH_CIVIC_ENC_RC',				'Amount',			       				 11),
			
			('RH_CIVIC_ENC_SF',				'GreatPersonClassType',		        'GREAT_PERSON_CLASS_ARTIST'),
			('RH_CIVIC_ENC_SF',				'Amount',			        			16);
			
INSERT OR IGNORE INTO RequirementSets (RequirementSetId, RequirementSetType)  VALUES
		('AI_GET_CIVIC_TT', 'REQUIREMENTSET_TEST_ALL'),
		('AI_GET_CIVIC_TT_Military', 'REQUIREMENTSET_TEST_ALL'), -- Not currently used yet?
		('AI_GET_CIVIC_CS', 'REQUIREMENTSET_TEST_ALL'),
		('AI_GET_CIVIC_RC', 'REQUIREMENTSET_TEST_ALL'),
		('AI_GET_CIVIC_SF', 'REQUIREMENTSET_TEST_ALL');

INSERT OR IGNORE INTO RequirementSetRequirements (RequirementSetId, RequirementId) VALUES
		('AI_GET_CIVIC_TT', 'REQUIRES_RH_HAS_CIVIC_TT'),
		('AI_GET_CIVIC_TT', 'REQUIRES_PLAYER_IS_AI'),
		('AI_GET_CIVIC_TT', 'RH_AT_WAR_REQ'),
		('AI_GET_CIVIC_TT', 'RH_PLAYER_AT_ANCIENT_ERA'),
		('AI_GET_CIVIC_TT', 'RH_PLAYER_NOT_MEDIEVAL_ERA'),
		
		('AI_GET_CIVIC_TT_Military', 'REQUIRES_RH_HAS_CIVIC_TT'),
--		('AI_GET_CIVIC_TT_Military', 'REQUIRES_RH_HAS_CIVIC_TT'),
		('AI_GET_CIVIC_TT_Military', 'REQUIRES_PLAYER_IS_AI'),
		('AI_GET_CIVIC_TT_Military', 'RH_PLAYER_AT_ANCIENT_ERA'),
		('AI_GET_CIVIC_TT_Military', 'RH_PLAYER_NOT_MEDIEVAL_ERA'),
		
		('AI_GET_CIVIC_CS', 'REQUIRES_RH_HAS_CIVIC_CS'),
		('AI_GET_CIVIC_CS', 'REQUIRES_PLAYER_IS_AI'),
		('AI_GET_CIVIC_CS', 'RH_PLAYER_AT_ANCIENT_ERA'),
		('AI_GET_CIVIC_CS', 'RH_PLAYER_NOT_MEDIEVAL_ERA'),
		
		('AI_GET_CIVIC_RC', 'REQUIRES_RH_HAS_CIVIC_RC'),
		('AI_GET_CIVIC_RC', 'REQUIRES_PLAYER_IS_AI'),
		('AI_GET_CIVIC_RC', 'RH_PLAYER_AT_ANCIENT_ERA'),
		('AI_GET_CIVIC_RC', 'RH_PLAYER_NOT_MEDIEVAL_ERA'),
		
		('AI_GET_CIVIC_SF', 'REQUIRES_RH_HAS_CIVIC_SF'),
		('AI_GET_CIVIC_SF', 'REQUIRES_PLAYER_IS_AI'),
		('AI_GET_CIVIC_SF', 'RH_PLAYER_AT_ANCIENT_ERA'),
		('AI_GET_CIVIC_SF', 'RH_PLAYER_NOT_MEDIEVAL_ERA');
		
		
INSERT OR IGNORE INTO Requirements (RequirementId, RequirementType) VALUES
		('REQUIRES_RH_HAS_CIVIC_TT', 		'REQUIREMENT_PLAYER_HAS_CIVIC'),
		('REQUIRES_RH_HAS_CIVIC_CS', 		'REQUIREMENT_PLAYER_HAS_CIVIC'),
		('REQUIRES_RH_HAS_CIVIC_RC', 		'REQUIREMENT_PLAYER_HAS_CIVIC'),
		('REQUIRES_RH_HAS_CIVIC_SF', 		'REQUIREMENT_PLAYER_HAS_CIVIC');

INSERT OR IGNORE INTO RequirementArguments  (RequirementId,	Name, Value) VALUES
		('REQUIRES_RH_HAS_CIVIC_TT',			'CivicType',	'CIVIC_TOTALITARIANISM'),
		('REQUIRES_RH_HAS_CIVIC_CS',			'CivicType',	'CIVIC_CLASS_STRUGGLE'),
		('REQUIRES_RH_HAS_CIVIC_RC',			'CivicType',	'CIVIC_REFORMED_CHURCH'),
		('REQUIRES_RH_HAS_CIVIC_SF',			'CivicType',	'CIVIC_SUFFRAGE');	
		
	
/*
		<Row>
			<RequirementId>TECHNOLOGY_VICTORY_POINTS_MET</RequirementId>
			<RequirementType>REQUIREMENT_PLAYER_HAS_SCIENCE_VICTORY_POINTS</RequirementType>
			<ProgressWeight>4</ProgressWeight>
			<Persistent>true</Persistent>
		</Row>
*/





-----------------------------------------------------------------------------------------------------------------------------------

	
-- Tier 2 Gov Test

INSERT OR IGNORE INTO GovernmentModifiers (GovernmentType, ModifierId)  VALUES		
			('GOVERNMENT_OLIGARCHY', 			'RH_GOV_MODIFIER_OLIGARCHY'),
			('GOVERNMENT_OLIGARCHY', 			'RH_GOV_MODIFIER_OLIGARCHY_WAR'),
			('GOVERNMENT_CLASSICAL_REPUBLIC', 	'RH_GOV_MODIFIER_CLASSICAL'),
			('GOVERNMENT_MERCHANT_REPUBLIC', 	'RH_GOV_MODIFIER_MERCHANT'),
		--	('GOVERNMENT_THEOCRACY', 			'RH_GOV_MODIFIER_THEOCRACY'),
			('GOVERNMENT_THEOCRACY', 			'RH_GOV_MODIFIER_THEOCRACY_REL'),
			('GOVERNMENT_MONARCHY', 			'RH_GOV_MODIFIER_MONARCHY'),
			('GOVERNMENT_DIGITAL_DEMOCRACY', 	'RH_GOV_MODIFIER_DIGITAL_DEMOCRACY'),
			('GOVERNMENT_DEMOCRACY', 			'RH_GOV_MODIFIER_DEMOCRACY'),
			('GOVERNMENT_COMMUNISM', 			'RH_GOV_MODIFIER_COMMUNISM'),
		--	('GOVERNMENT_SYNTHETIC_TECHNOCRACY', 	'RH_GOV_MODIFIER_SYNTHETIC_TECHNOCRACY'),
		--	('GOVERNMENT_SYNTHETIC_TECHNOCRACY', 	'RH_GOV_MODIFIER_SYNTHETIC_TECHNOCRACY_G'),
		--	('GOVERNMENT_SYNTHETIC_TECHNOCRACY', 	'RH_GOV_MODIFIER_SYNTHETIC_TECHNOCRACY_C'),
			('GOVERNMENT_CORPORATE_LIBERTARIANISM', 	'RH_GOV_MODIFIER_CORPORATE_LIBERTARIANISM'),
			('GOVERNMENT_FASCISM', 				'RH_GOV_MODIFIER_FASCISM_WAR'),
			('GOVERNMENT_FASCISM', 				'RH_GOV_MODIFIER_FASCISM');
		
INSERT OR IGNORE INTO Modifiers  (ModifierId, ModifierType, SubjectRequirementSetId) VALUES		
			('RH_GOV_MODIFIER_MERCHANT',				'MODIFIER_PLAYER_CITIES_ADJUST_CITY_YIELD_CHANGE',	'RH_AI_ANCIENT_ONLY_REQ_S'),
			('RH_GOV_MODIFIER_CLASSICAL',				'MODIFIER_PLAYER_CITIES_ADJUST_CITY_YIELD_CHANGE',	'RH_AI_ANCIENT_ONLY_REQ_S'),
		--	('RH_GOV_MODIFIER_THEOCRACY',				'MODIFIER_PLAYER_CITIES_ADJUST_CITY_YIELD_CHANGE',	'RH_AI_ANCIENT_ONLY_REQ_S'),
			('RH_GOV_MODIFIER_THEOCRACY_REL',				'MODIFIER_PLAYER_CITIES_ADJUST_CITY_YIELD_CHANGE',	'RH_HAS_RELIGION_MAJOR_REQ_S'),
			('RH_GOV_MODIFIER_MONARCHY',				'MODIFIER_PLAYER_CITIES_ADJUST_CITY_YIELD_CHANGE',	'RH_AI_ANCIENT_ONLY_REQ_S'),
			('RH_GOV_MODIFIER_DEMOCRACY',				'MODIFIER_PLAYER_CITIES_ADJUST_CITY_YIELD_CHANGE',	'RH_AI_ANCIENT_ONLY_REQ_S'),
			('RH_GOV_MODIFIER_CORPORATE_LIBERTARIANISM',				'MODIFIER_PLAYER_CITIES_ADJUST_CITY_YIELD_CHANGE',	'RH_AI_ANCIENT_ONLY_REQ_S'),
			('RH_GOV_MODIFIER_DIGITAL_DEMOCRACY',				'MODIFIER_PLAYER_CITIES_ADJUST_CITY_YIELD_CHANGE',	'RH_AI_ANCIENT_ONLY_REQ_S'),
			('RH_GOV_MODIFIER_COMMUNISM',				'MODIFIER_PLAYER_CITIES_ADJUST_CITY_YIELD_CHANGE',	'RH_AI_ANCIENT_ONLY_REQ_S'),
			--('RH_GOV_MODIFIER_SYNTHETIC_TECHNOCRACY',				'MODIFIER_PLAYER_CITIES_ADJUST_CITY_YIELD_CHANGE',	'RH_AI_ANCIENT_ONLY_REQ_S'),
			--('RH_GOV_MODIFIER_SYNTHETIC_TECHNOCRACY_G',				'MODIFIER_PLAYER_CITIES_ADJUST_CITY_YIELD_CHANGE',	'RH_AI_ANCIENT_ONLY_REQ_S'),
			--('RH_GOV_MODIFIER_SYNTHETIC_TECHNOCRACY_C',				'MODIFIER_PLAYER_CITIES_ADJUST_CITY_YIELD_CHANGE',	'RH_AI_ANCIENT_ONLY_REQ_S'),
			('RH_GOV_MODIFIER_FASCISM',					'MODIFIER_PLAYER_CITIES_ADJUST_CITY_YIELD_CHANGE',	'RH_AI_ANCIENT_ONLY_REQ_S'),
			('RH_GOV_MODIFIER_FASCISM_WAR',					'MODIFIER_PLAYER_CITIES_ADJUST_CITY_YIELD_CHANGE',	'RH_AT_WAR_MAJOR_REQ_S'),
			('RH_GOV_MODIFIER_OLIGARCHY_WAR',				'MODIFIER_PLAYER_CAPITAL_CITY_ADJUST_CITY_YIELD_CHANGE',	'RH_AT_WAR_MAJOR_REQ_S'),
			('RH_GOV_MODIFIER_OLIGARCHY',				'MODIFIER_PLAYER_CAPITAL_CITY_ADJUST_CITY_YIELD_CHANGE',	'RH_AI_ANCIENT_ONLY_REQ_S');

INSERT OR IGNORE INTO ModifierArguments  (ModifierId, Name, Value) VALUES	
		('RH_GOV_MODIFIER_MERCHANT',					'YieldType', 'YIELD_GOLD'),
		('RH_GOV_MODIFIER_MERCHANT',					'Amount'   , 10), -- pvs 13, 15
		('RH_GOV_MODIFIER_CLASSICAL',					'YieldType', 'YIELD_CULTURE'),
		('RH_GOV_MODIFIER_CLASSICAL',					'Amount'   , 2), -- pvs 1
		('RH_GOV_MODIFIER_THEOCRACY_REL',				'YieldType', 'YIELD_FAITH'),
		('RH_GOV_MODIFIER_THEOCRACY_REL',				'Amount'   , 9), -- pvs 17, 22, 21, 11
		--('RH_GOV_MODIFIER_THEOCRACY_REL',				'Amount'   , 1),
		('RH_GOV_MODIFIER_MONARCHY',					'YieldType', 'YIELD_SCIENCE'),
		('RH_GOV_MODIFIER_MONARCHY',					'Amount'   , 1), -- pvs -1, -2, -3g
		('RH_GOV_MODIFIER_CORPORATE_LIBERTARIANISM',	'YieldType', 'YIELD_FAITH'),
		('RH_GOV_MODIFIER_CORPORATE_LIBERTARIANISM',	'Amount'   , 9),
		('RH_GOV_MODIFIER_DIGITAL_DEMOCRACY',			'YieldType', 'YIELD_CULTURE'),
		('RH_GOV_MODIFIER_DIGITAL_DEMOCRACY',			'Amount'   , 30), -- pvs 14, 22
		('RH_GOV_MODIFIER_DEMOCRACY',					'YieldType', 'YIELD_CULTURE'),
		('RH_GOV_MODIFIER_DEMOCRACY',					'Amount'   , 20), -- pvs 9, 11
		('RH_GOV_MODIFIER_COMMUNISM',					'YieldType', 'YIELD_SCIENCE'),
		('RH_GOV_MODIFIER_COMMUNISM',					'Amount'   , 20), -- pvs 7, 12
		--('RH_GOV_MODIFIER_SYNTHETIC_TECHNOCRACY',		'YieldType', 'YIELD_SCIENCE'),
		--('RH_GOV_MODIFIER_SYNTHETIC_TECHNOCRACY',		'Amount'   , 9), -- At 4 not high enough, 8
	--	('RH_GOV_MODIFIER_SYNTHETIC_TECHNOCRACY_G',		'YieldType', 'YIELD_PRODUCTION'),
	--	('RH_GOV_MODIFIER_SYNTHETIC_TECHNOCRACY_G',		'Amount'   , 5), 
	--	('RH_GOV_MODIFIER_SYNTHETIC_TECHNOCRACY_C',		'YieldType', 'YIELD_CULTURE'),
	--	('RH_GOV_MODIFIER_SYNTHETIC_TECHNOCRACY_C',		'Amount'   , -9), -- pvs -5
		('RH_GOV_MODIFIER_FASCISM',						'YieldType', 'YIELD_RH_AT_WAR'),
		('RH_GOV_MODIFIER_FASCISM',						'Amount'   , 4),	-- pvs 4 At 4 is not chosen	
		('RH_GOV_MODIFIER_FASCISM_WAR',					'YieldType', 'YIELD_RH_AT_WAR'),
		('RH_GOV_MODIFIER_FASCISM_WAR',					'Amount'   , 12), -- pvs 4 gold
		('RH_GOV_MODIFIER_OLIGARCHY',					'YieldType', 'YIELD_RH_AT_WAR'),
		('RH_GOV_MODIFIER_OLIGARCHY',					'Amount'   , 1),
		('RH_GOV_MODIFIER_OLIGARCHY_WAR',				'YieldType', 'YIELD_RH_AT_WAR'),
		('RH_GOV_MODIFIER_OLIGARCHY_WAR',				'Amount'   , 95); -- 2 too low, 6, 10 (all cities), 75

	
INSERT OR IGNORE INTO GovernmentModifiers (GovernmentType, ModifierId)  VALUES	
			('GOVERNMENT_SYNTHETIC_TECHNOCRACY', 	'RH_GOV_MODIFIER_CORP_MIL'),
			('GOVERNMENT_CORPORATE_LIBERTARIANISM', 	'RH_GOV_MODIFIER_CORP_MIL'),
			('GOVERNMENT_FASCISM', 				'RH_GOV_MODIFIER_FASC_MIL');
		
INSERT OR IGNORE INTO Modifiers  (ModifierId, ModifierType, SubjectRequirementSetId) VALUES		
			('RH_GOV_MODIFIER_FASC_MIL',					'MODIFIER_PLAYER_ADJUST_DUPLICATE_FIRST_INFLUENCE_TOKEN',	'RH_AI_ANCIENT_ONLY_REQ_S'),
			('RH_GOV_MODIFIER_CORP_MIL',				'MODIFIER_PLAYER_ADJUST_DUPLICATE_FIRST_INFLUENCE_TOKEN',	'RH_AI_ANCIENT_ONLY_REQ_S');

INSERT OR IGNORE INTO ModifierArguments  (ModifierId, Name, Value) VALUES	
		('RH_GOV_MODIFIER_CORP_MIL',						'Amount'   , 2),
		('RH_GOV_MODIFIER_FASC_MIL',						'Amount'   , 2);	




-- Temp until / if gov policies can actually work properly

-- Todo Tier 2 Gov Onwards

INSERT INTO TraitModifiers    (TraitType,		ModifierId) VALUES	
		('TRAIT_LEADER_MAJOR_CIV',		'RH_OLIGARCHY_POLICY_SIMULATION');

INSERT OR IGNORE INTO Modifiers  (ModifierId, ModifierType, SubjectRequirementSetId) VALUES		
			('RH_OLIGARCHY_POLICY_SIMULATION',					'MODIFIER_PLAYER_UNITS_GRANT_ABILITY',	'RH_MIL_Reforms_Req_S');


INSERT OR IGNORE INTO ModifierArguments  (ModifierId, Name, Value) VALUES	
		('RH_OLIGARCHY_POLICY_SIMULATION',					'AbilityType', 'ABILITY_OLIGARCHY_LEGACY_MELEE_BUFF');


-- Fascism Card Simulation

INSERT INTO TraitModifiers    (TraitType,		ModifierId) VALUES	
		('TRAIT_LEADER_MAJOR_CIV',		'RH_FASCISM_POLICY_SIMULATION');

INSERT OR IGNORE INTO Modifiers  (ModifierId, ModifierType, SubjectRequirementSetId) VALUES		
			('RH_FASCISM_POLICY_SIMULATION',					'MODIFIER_PLAYER_UNITS_GRANT_ABILITY',	'RH_MIL_Reforms_Req_S_Late');


INSERT OR IGNORE INTO ModifierArguments  (ModifierId, Name, Value) VALUES	
		('RH_FASCISM_POLICY_SIMULATION',					'AbilityType', 'ABILITY_FASCISM_LEGACY_ATTACK_BUFF');






--('AI_NO_CIVIL_SERVICE', 'CivicType', 'CIVIC_CIVIL_SERVICE');



-- REQUIRES_PLAYER_DECLARED_WAR_EXCLUDE_SHARED_EMERGENCIES
		
/*
				<Row>
			<RequirementId>REQUIRES_CAPITAL_CITY</RequirementId>
			<RequirementType>REQUIREMENT_COLLECTION_COUNT_ATLEAST</RequirementType>
		</Row>
		
				<Row>
			<RequirementId>REQUIRES_CAPITAL_CITY</RequirementId>
			<Name>CollectionType</Name>
			<Value>COLLECTION_PLAYER_CAPITAL_CITY</Value>
		</Row>
		<Row>
			<RequirementId>REQUIRES_CAPITAL_CITY</RequirementId>
			<Name>Count</Name>
			<Value>1</Value>
		</Row>
		<Row>
			<RequirementSetId>WARMONGER_TRIGGERS</RequirementSetId>
			<RequirementId>REQUIRES_PLAYER_DECLARED_WAR_EXCLUDE_SHARED_EMERGENCIES</RequirementId>
		</Row>
		
				<Row>
			<RequirementSetId>PLAYER_HAS_SMALL_MILITARY</RequirementSetId>
			<RequirementId>REQUIRES_PLAYER_HAS_SMALL_MILITARY</RequirementId>
		</Row>
		
				<Row>
			<RequirementSetId>PLAYER_IS_AT_PEACE_WITH_ALL_MAJORS</RequirementSetId>
			<RequirementId>REQUIRES_PLAYER_AT_PEACE_WITH_ALL_MAJORS</RequirementId>
		</Row>
		
		
				<Row>
			<RequirementSetId>PLAYER_HAS_SMALL_INFLUENCE_AND_PAPAL_PRIMACY</RequirementSetId>
			<RequirementId>REQUIRES_PLAYER_HAS_PAPAL_PRIMACY</RequirementId>
		</Row>
		
				<Row>
			<RequirementId>REQUIRES_PLAYER_HAS_PAPAL_PRIMACY</RequirementId>
			<RequirementType>REQUIREMENT_PLAYER_FOUNDED_RELIGION_WITH_BELIEF</RequirementType>
		</Row>
		
		<Row>
			<RequirementId>REQUIRES_PLAYER_HAS_PAPAL_PRIMACY</RequirementId>
			<Name>BeliefType</Name>
			<Value>BELIEF_PAPAL_PRIMACY</Value>
		</Row>
		
*/




-- RH Belief Foundations


INSERT OR IGNORE INTO BeliefModifiers (BeliefType        ,ModifierId)   VALUES
		--	('BELIEF_DEFENDER_OF_FAITH',	'RH_BEL_BOOST'),
			('BELIEF_DEFENDER_OF_FAITH',	'RH_BEL_BOOST_UNDER_THREAT'),
			('BELIEF_DEFENDER_OF_FAITH',	'RH_BEL_BOOST_JUST_WAR_ALT'),
			
			('BELIEF_HOLY_ORDER',			'RH_BEL_BOOST_Small'),
			
			('BELIEF_JUST_WAR',				'RH_BEL_BOOST_JUST_WAR'),
		--	('BELIEF_JUST_WAR',				'RH_BEL_BOOST_WAR_S'),
		--	('BELIEF_JUST_WAR',				'RH_BEL_BOOST_2'),
		--	('BELIEF_JUST_WAR',				'RH_BEL_BOOST_WAR_L'),
		--	('BELIEF_SACRED_PLACES',		'RH_BEL_BOOST_Small_Wonders'),
			
		--	('BELIEF_STUPA',			'RH_BEL_BOOST_BUILDINGS'),
			('BELIEF_PAGODA',			'RH_BEL_BOOST_BUILDINGS'),
			('BELIEF_MOSQUE',			'RH_BEL_BOOST_BUILDINGS'),
			('BELIEF_CATHEDRAL',		'RH_BEL_BOOST_SLOT'),
			('BELIEF_CHORAL_MUSIC',		'RH_BEL_BOOST_C'),
			
			('BELIEF_CHORAL_MUSIC',		'RH_BEL_BOOST_CHORAL'),
			('BELIEF_CHORAL_MUSIC',		'RH_BEL_BOOST_Small'), -- New
			
			('BELIEF_DAR_E_MEHR',		'RH_BEL_BOOST_F_C'),
			
			('BELIEF_CATHEDRAL',			'RH_BEL_BOOST_BUILDINGS_ALL_EARLY'),
			('BELIEF_STUPA',			'RH_BEL_BOOST_BUILDINGS_ALL_EARLY'),
			('BELIEF_PAGODA',			'RH_BEL_BOOST_BUILDINGS_ALL_EARLY'),
			('BELIEF_MOSQUE',			'RH_BEL_BOOST_BUILDINGS_ALL_EARLY'),
			('BELIEF_GURDWARA',			'RH_BEL_BOOST_BUILDINGS_ALL_EARLY'),
			('BELIEF_WAT',				'RH_BEL_BOOST_BUILDINGS_ALL_EARLY'),
			('BELIEF_SYNAGOGUE',		'RH_BEL_BOOST_BUILDINGS_ALL_EARLY'),
			('BELIEF_DAR_E_MEHR',		'RH_BEL_BOOST_BUILDINGS_ALL_EARLY'),
			('BELIEF_SYNAGOGUE',		'RH_BEL_BOOST_3'),
			('BELIEF_GURDWARA',			'RH_BEL_BOOST_FD'),			
			
			('BELIEF_WARRIOR_MONKS',						'RH_BEL_BOOST_F_NC'),	
			('BELIEF_ITINERANT_PREACHERS',					'RH_BEL_BOOST_F_NC'),	
			
	--		('BELIEF_RELIGIOUS_COMMUNITY',						'RH_BEL_BOOST_G'),	-- Too much even at 1
			('BELIEF_TITHE',									'RH_BEL_BOOST_G'),	-- Test		

			('BELIEF_RELIQUARIES',						'RH_BEL_BOOST_RELIC'),	
			
			('BELIEF_JESUIT_EDUCATION',					'AI_BEL_DIS_S'),			
			('BELIEF_ZEN_MEDITATION',					'AI_BEL_DIS_XS'),				
			('BELIEF_WARRIOR_MONKS',					'AI_BEL_DIS_XS'),				
			('BELIEF_RELIGIOUS_COMMUNITY',				'AI_BEL_DIS_XS'),				
			('BELIEF_RELIQUARIES',						'AI_BEL_DIS_XS'),				
						
	--		('BELIEF_WARRIOR_MONKS',		'AI_BEL_DIS'),
			
			('BELIEF_WORK_ETHIC',			'AI_WORK_ETHIC_FAITH_MODIFIER');


INSERT OR IGNORE INTO BeliefModifiers (BeliefType,			ModifierId)
SELECT 'BELIEF_CROSS_CULTURAL_DIALOGUE', 'RH_BEL_BOOST_S'
WHERE EXISTS (SELECT * FROM Beliefs WHERE BeliefType = 'BELIEF_CROSS_CULTURAL_DIALOGUE');

-- World Church

INSERT OR IGNORE INTO BeliefModifiers (BeliefType,			ModifierId)
SELECT 'BELIEF_WORLD_CHURCH', 'RH_BEL_BOOST_C'
WHERE EXISTS (SELECT * FROM Beliefs WHERE BeliefType = 'BELIEF_WORLD_CHURCH');

INSERT OR IGNORE INTO BeliefModifiers (BeliefType,			ModifierId)
SELECT 'BELIEF_WORLD_CHURCH', 'RH_BEL_BOOST_CL2'
WHERE EXISTS (SELECT * FROM Beliefs WHERE BeliefType = 'BELIEF_WORLD_CHURCH');



INSERT OR IGNORE INTO Modifiers    (ModifierId,			ModifierType,							SubjectRequirementSetId) VALUES 		
	--		('AI_SHRINE_FAITH',	'MODIFIER_ALL_CITIES_ATTACH_MODIFIER',	'CITY_FOLLOWS_RELIGION_HAS_SHRINE'),
	--		('AI_TEMPLE_FAITH',	'MODIFIER_ALL_CITIES_ATTACH_MODIFIER',	'CITY_FOLLOWS_RELIGION_HAS_TEMPLE'),
	
		--	('AI_SHRINE_MOD',	'MODIFIER_PLAYER_CITIES_ATTACH_MODIFIER', 	'RH_AI_ANCIENT_ONLY_REQ_S'),
		--	('AI_SHRINE_FAITH_PENALTY',	'MODIFIER_BUILDING_YIELD_CHANGE', 	'AI_GET_CIVIC_MED'),
		--	('AI_TEMPLE_MOD',	'MODIFIER_PLAYER_CITIES_ATTACH_MODIFIER', 	'RH_AI_ANCIENT_ONLY_REQ_S'),
		--	('AI_TEMPLE_FAITH_PENALTY',	'MODIFIER_BUILDING_YIELD_CHANGE', 	'AI_GET_CIVIC_MED'),
			
			('RH_BEL_BOOST',	'MODIFIER_PLAYER_CITIES_ADJUST_CITY_YIELD_CHANGE', 	'RH_AI_ANCIENT_ONLY_REQ_S'),
			('RH_BEL_BOOST_Small',	'MODIFIER_PLAYER_CITIES_ADJUST_CITY_YIELD_CHANGE', 	'RH_AI_ANCIENT_ONLY_REQ_S'),
			('RH_BEL_BOOST_BUILDINGS',	'MODIFIER_PLAYER_CITIES_ADJUST_CITY_YIELD_CHANGE', 	'RH_AI_ANCIENT_ONLY_REQ_S'), -- Pvs RH_HAS_THEOLOGY_REQ_S
			
			('RH_BEL_BOOST_BUILDINGS_ALL_EARLY',	'MODIFIER_PLAYER_ADJUST_DUPLICATE_FIRST_INFLUENCE_TOKEN', 	'RH_AI_ANCIENT_ONLY_REQ_S'),
			('RH_BEL_BOOST_F_C',	'MODIFIER_PLAYER_CAPITAL_CITY_ADJUST_CITY_YIELD_CHANGE', 	'RH_AI_ANCIENT_ONLY_REQ_S'),
			('RH_BEL_BOOST_F_NC',	'MODIFIER_PLAYER_CAPITAL_CITY_ADJUST_CITY_YIELD_CHANGE', 	'RH_AI_ANCIENT_ONLY_REQ_S'),
			('RH_BEL_BOOST_G',	'MODIFIER_PLAYER_CAPITAL_CITY_ADJUST_CITY_YIELD_CHANGE', 	'RH_AI_ANCIENT_ONLY_REQ_S'),
			('RH_BEL_BOOST_CL2',	'MODIFIER_PLAYER_CAPITAL_CITY_ADJUST_CITY_YIELD_CHANGE', 	'RH_AI_ANCIENT_ONLY_REQ_S'),
			('RH_BEL_BOOST_CHORAL',	'MODIFIER_PLAYER_CAPITAL_CITY_ADJUST_CITY_YIELD_CHANGE', 	'RH_AI_ANCIENT_ONLY_REQ_S'),			
			
			('RH_BEL_BOOST_FD',	'MODIFIER_PLAYER_CAPITAL_CITY_ADJUST_CITY_YIELD_CHANGE', 	'RH_AI_ANCIENT_ONLY_REQ_S'),			
			
			('RH_BEL_BOOST_Small_Wonders',	'MODIFIER_PLAYER_CITIES_ADJUST_CITY_YIELD_CHANGE', 	'RH_SACRED_PLACES_PUSH'),
			
			('RH_BEL_BOOST_2',	'MODIFIER_PLAYER_CITIES_ADJUST_CITY_YIELD_CHANGE', 			'PLAYER_IS_AI'),
			('RH_BEL_BOOST_3',	'MODIFIER_PLAYER_CAPITAL_CITY_ADJUST_CITY_YIELD_CHANGE', 	'RH_AI_ANCIENT_ONLY_REQ_S'),
			('RH_BEL_BOOST_WAR_L',	'MODIFIER_PLAYER_CITIES_ADJUST_CITY_YIELD_CHANGE', 	'RH_AT_WAR_MAJOR_REQ_S'),
			('RH_BEL_BOOST_WAR_S',	'MODIFIER_PLAYER_CITIES_ADJUST_CITY_YIELD_CHANGE', 	'RH_AT_WAR_MAJOR_REQ_S'),
			('RH_BEL_BOOST_UNDER_THREAT',	'MODIFIER_PLAYER_CAPITAL_CITY_ADJUST_CITY_YIELD_CHANGE', 	'RH_AI_ANCIENT_ONLY_REQ_S'),
			
			('RH_BEL_BOOST_JUST_WAR',	'MODIFIER_PLAYER_CAPITAL_CITY_ADJUST_CITY_YIELD_CHANGE', 	'RH_AI_ANCIENT_ONLY_REQ_S'),
			('RH_BEL_BOOST_JUST_WAR_ALT',	'MODIFIER_PLAYER_CAPITAL_CITY_ADJUST_CITY_YIELD_CHANGE', 	'RH_AI_ANCIENT_ONLY_REQ_S'),
			
			('RH_BEL_BOOST_S',	'MODIFIER_PLAYER_CITIES_ADJUST_CITY_YIELD_CHANGE', 	'RH_AI_ANCIENT_ONLY_REQ_S'),
			('RH_BEL_BOOST_C',	'MODIFIER_PLAYER_ADJUST_GREAT_PERSON_POINTS', 	'RH_AI_ANCIENT_ONLY_REQ_S'),
			('RH_BEL_BOOST_SLOT',	'MODIFIER_PLAYER_CAPITAL_CITY_ADJUST_CITY_YIELD_CHANGE', 	'RH_AI_ANCIENT_ONLY_REQ_S'),
			
			('AI_BEL_DIS_XS',		'MODIFIER_PLAYER_CITIES_ADJUST_CITY_YIELD_CHANGE', 	'RH_AI_ANCIENT_ONLY_REQ_S'),				
			('AI_BEL_DIS_S',		'MODIFIER_PLAYER_CITIES_ADJUST_CITY_YIELD_CHANGE', 	'RH_AI_ANCIENT_ONLY_REQ_S'),			
			('AI_BEL_DIS',		'MODIFIER_PLAYER_CITIES_ADJUST_CITY_YIELD_CHANGE', 	'RH_AI_ANCIENT_ONLY_REQ_S'),
			('AI_WORK_ETHIC_FAITH_MODIFIER',	'MODIFIER_PLAYER_CITIES_ADJUST_CITY_YIELD_CHANGE', 	'RH_WORK_ETHIC_PUSH_REQ_S_2');
			
INSERT OR IGNORE INTO Modifiers    (ModifierId,			ModifierType,							SubjectRequirementSetId, Permanent) VALUES 			
--('RH_BEL_BOOST_RELIC',	'MODIFIER_PLAYER_GRANT_RELIC', 	'RH_AI_ANCIENT_ONLY_REQ_S',   1);
			

		('RH_BEL_BOOST_RELIC',	'MODIFIER_PLAYER_CAPITAL_CITY_ADJUST_CITY_YIELD_CHANGE', 	'PLAYER_IS_AI',    1);	



--INSERT OR IGNORE INTO Modifiers    (ModifierId,			ModifierType,							SubjectRequirementSetId, RunOnce, Permanent) VALUES 			
			--('RH_BEL_BOOST_RELIC',	'MODIFIER_PLAYER_GRANT_RELIC', 	'RH_AI_ANCIENT_ONLY_REQ_S',    1, 1);
	--	('RH_BEL_BOOST_RELIC',	'MODIFIER_PLAYER_ADJUST_GREAT_PERSON_POINTS', 	'PLAYER_IS_AI',    1, 1);
		--	('AI_WORK_ETHIC_SHRINE_PRODUCTION_MODIFIER',	'MODIFIER_BUILDING_YIELD_CHANGE', 	'HOLY_SITE_HAS_HIGH_ADJACENCY'),
		--	('AI_WORK_ETHIC_TEMPLE_PRODUCTION_MODIFIER',	'MODIFIER_BUILDING_YIELD_CHANGE', 	'HOLY_SITE_HAS_HIGH_ADJACENCY');


/*	
INSERT OR IGNORE INTO ModifierArguments      (ModifierId, 		Name, 					Value)  VALUES 		
		
		('AI_SHRINE_MOD', 	'ModifierId' , 'AI_SHRINE_FAITH_PENALTY'),
		('AI_SHRINE_FAITH_PENALTY', 'BuildingType' , 'BUILDING_SHRINE'),
		('AI_SHRINE_FAITH_PENALTY', 'YieldType'    , 'YIELD_FAITH'),
		('AI_SHRINE_FAITH_PENALTY', 'Amount'       , -1),
			
		('AI_TEMPLE_MOD', 	'ModifierId' , 'AI_TEMPLE_FAITH_PENALTY'),
		('AI_TEMPLE_FAITH_PENALTY', 'BuildingType' , 'BUILDING_TEMPLE'),
		('AI_TEMPLE_FAITH_PENALTY', 'YieldType'    , 'YIELD_FAITH'),
		('AI_TEMPLE_FAITH_PENALTY', 'Amount'       , -1);
*/


INSERT OR IGNORE INTO ModifierArguments      (ModifierId, 		Name, 					Value)  VALUES 	

		('RH_BEL_BOOST',					'YieldType', 'YIELD_FAITH'),
		('RH_BEL_BOOST',					'Amount'   , 1),
	
		('RH_BEL_BOOST_Small',				'YieldType', 'YIELD_FAITH'),
		('RH_BEL_BOOST_Small',				'Amount'   , 3),
		
		('RH_BEL_BOOST_BUILDINGS',			'YieldType', 'YIELD_FAITH'), -- 1,2 too low (keeping 3, adding theology requirement, reverting to 2)
		('RH_BEL_BOOST_BUILDINGS',			'Amount'   , 2), -- Todo Yield Only Later on
		
	--	('RH_BEL_BOOST_BUILDINGS_ALL_EARLY',			'YieldType', 'YIELD_FAITH'),
		('RH_BEL_BOOST_BUILDINGS_ALL_EARLY',			'Amount'   , -12), -- pvs -5 gold, -12 faith, pvs -3 inf, -6
	
		('RH_BEL_BOOST_F_C',				'YieldType', 'YIELD_FAITH'),
		('RH_BEL_BOOST_F_C',				'Amount'   , 3), -- Total 6 Faith
	
		('RH_BEL_BOOST_F_NC',				'YieldType', 'YIELD_FAITH'),
		('RH_BEL_BOOST_F_NC',				'Amount'   , -5), -- pvs -2, did nothing
	
		('RH_BEL_BOOST_G',					'YieldType', 'YIELD_GOLD'),
		('RH_BEL_BOOST_G',					'Amount'   ,  1), -- pvs 4, 2
	
		('RH_BEL_BOOST_CL2',					'YieldType', 'YIELD_CULTURE'),
		('RH_BEL_BOOST_CL2',					'Amount'   ,  16), -- pvs 3, 5, 9, 12, 13, 12
	
		('RH_BEL_BOOST_CHORAL',					'YieldType', 'YIELD_CULTURE'),
		('RH_BEL_BOOST_CHORAL',					'Amount'   ,  55), -- pvs 13, 23, 40
	
		('RH_BEL_BOOST_FD',					'YieldType', 'YIELD_FOOD'),
		('RH_BEL_BOOST_FD',					'Amount'   ,  1), 
	
		('RH_BEL_BOOST_Small_Wonders',		'YieldType', 'YIELD_GOLD'),
		('RH_BEL_BOOST_Small_Wonders',		'Amount'   , 1),
	
		('RH_BEL_BOOST_2',					'YieldType', 'YIELD_FAITH'),
		('RH_BEL_BOOST_2',					'Amount'   , 1),
		
		('RH_BEL_BOOST_3',					'YieldType', 'YIELD_FAITH'),
		('RH_BEL_BOOST_3',					'Amount'   , -4),
		
		('RH_BEL_BOOST_WAR_L',					'YieldType', 'YIELD_RH_AT_WAR'),
		('RH_BEL_BOOST_WAR_L',					'Amount'   , 8),
	
		('RH_BEL_BOOST_WAR_S',					'YieldType', 'YIELD_RH_AT_WAR'),
		('RH_BEL_BOOST_WAR_S',					'Amount'   , 3), -- pvs 2
		
		('RH_BEL_BOOST_UNDER_THREAT',			'YieldType', 'YIELD_RH_UNDER_ATTACK'),
		('RH_BEL_BOOST_UNDER_THREAT',			'Amount'   , 175), -- pvs 5, 7, 15, 50, 100, 200
		
		('RH_BEL_BOOST_C',					'GreatPersonClassType', 'GREAT_PERSON_CLASS_ARTIST'),
		('RH_BEL_BOOST_C',					'Amount'   , 1), -- pvs 1 cult with all
	
		('RH_BEL_BOOST_SLOT',				'YieldType', 'YIELD_RH_GW_SLOT'),
		('RH_BEL_BOOST_SLOT',				'Amount'   , 1), 
	
		--('RH_BEL_BOOST_RELIC',					'RelicSource', 'RELIC_SOURCE_TRIBAL_VILLAGE'),
		--('RH_BEL_BOOST_RELIC',					'Amount'   , 50), -- test, pvs 3, 15
	
		--('RH_BEL_BOOST_RELIC',					'GreatPersonClassType', 'GREAT_PERSON_CLASS_RH_RELICMAN'),
		--('RH_BEL_BOOST_RELIC',					'Amount'   , 20), -- pvs 100, 200, 50
	
		('RH_BEL_BOOST_RELIC',					'YieldType', 'YIELD_RH_RELIC'),
		('RH_BEL_BOOST_RELIC',					'Amount'   , 7), -- pvs 20, 14, 7, 6
	
		('RH_BEL_BOOST_S',					'YieldType', 'YIELD_SCIENCE'),
		('RH_BEL_BOOST_S',					'Amount'   , 2), -- pvs 1
	
		('RH_BEL_BOOST_JUST_WAR',					'YieldType', 'YIELD_RH_JUST_WAR'),
		('RH_BEL_BOOST_JUST_WAR',					'Amount'   , 200), -- pvs 20, 28, 35, 65, 75, 190
	
		('RH_BEL_BOOST_JUST_WAR_ALT',					'YieldType', 'YIELD_RH_JUST_WAR'),
		('RH_BEL_BOOST_JUST_WAR_ALT',					'Amount'   , 2), -- pvs 5, 10, 16, 8
	
		('AI_BEL_DIS_XS',						'YieldType', 'YIELD_FAITH'),
		('AI_BEL_DIS_XS',						'Amount'   , -40),	
	
		('AI_BEL_DIS_S',						'YieldType', 'YIELD_FAITH'),
		('AI_BEL_DIS_S',						'Amount'   , -200),
	
		('AI_BEL_DIS',						'YieldType', 'YIELD_FAITH'),
		('AI_BEL_DIS',						'Amount'   , -900),
	
		('AI_WORK_ETHIC_FAITH_MODIFIER',	'YieldType', 'YIELD_RH_R_GODDESS'),
		('AI_WORK_ETHIC_FAITH_MODIFIER',	'Amount'   , 500); -- pvs 8, 35, 100


--INSERT OR IGNORE INTO ModifierArguments      (ModifierId, 		Name, 					Value)  VALUES 
	--		('AI_WORK_ETHIC_TEMPLE_PRODUCTION', 		'ModifierId'   , 'AI_WORK_ETHIC_TEMPLE_PRODUCTION_MODIFIER'),
	
	--		('AI_WORK_ETHIC_TEMPLE_PRODUCTION_MODIFIER' , 'BuildingType' , 'BUILDING_TEMPLE'),
	--		('AI_WORK_ETHIC_TEMPLE_PRODUCTION_MODIFIER' , 'YieldType'    , 'YIELD_PRODUCTION'),
	--		('AI_WORK_ETHIC_TEMPLE_PRODUCTION_MODIFIER' , 'Amount'       , 10);
			
			
	--		('AI_WORK_ETHIC_TEMPLE_PRODUCTION_MODIFIER' , 'YieldType'    , 'YIELD_PRODUCTION'),
	--		('AI_WORK_ETHIC_TEMPLE_PRODUCTION_MODIFIER' , 'Amount'       , 2);
			










-- RH POL

INSERT OR IGNORE INTO Modifiers   (ModifierId, ModifierType, SubjectRequirementSetId) VALUES	
		('ENC_POLICY_EARLY_RH',	'MODIFIER_PLAYER_CITIES_ADJUST_CITY_YIELD_CHANGE',	'RH_AI_ANCIENT_ONLY_REQ_S');

INSERT OR IGNORE INTO ModifierArguments  (ModifierId, Name, Value) VALUES	
		('ENC_POLICY_EARLY_RH',	'YieldType'    , 'YIELD_GOLD'),
		('ENC_POLICY_EARLY_RH',	'Amount'       , 2);


INSERT OR IGNORE INTO PolicyModifiers  (PolicyType, ModifierId)  VALUES	
		('POLICY_COLONIZATION',      		  				'ENC_POLICY_EARLY_RH'), -- 50% production towards settlers
		('POLICY_LIMES',      		  						'ENC_POLICY_EARLY_RH'), -- 100% production towards walls
		('POLICY_AGOGE',      		  					    'ENC_POLICY_EARLY_RH'), --50% production towards ranged and melee
		('POLICY_FEUDAL_CONTRACT',      		  		 	'ENC_POLICY_EARLY_RH'), --50% production towards ranged and melee (medieval / renaissance)
		('POLICY_GOV_CLASSICAL_REPUBLIC',      		  		 'ENC_POLICY_EARLY_RH'), -- Extra Boost
		('POLICY_GOV_OLIGARCHY',      		  				 'ENC_POLICY_EARLY_RH'),
	--	('POLICY_GOD_KING',      		  					'ENC_POLICY_EARLY_RH'), -- For Pantheons
		('POLICY_GRANDE_ARMEE',      		  		 		'ENC_POLICY_EARLY_RH'); -- 50% production towards ranged and melee (industrial)

--INSERT OR IGNORE INTO PolicyModifiers  (PolicyType, ModifierId)  VALUES	
--		('POLICY_TWILIGHT_VALOR',      		  		 		'ENC_POLICY_EARLY_RH'); -- 5 Strength but can't heal outside territory (dark age)


/*
INSERT OR IGNORE INTO Modifiers   (ModifierId, ModifierType, SubjectRequirementSetId) VALUES	
		('ENC_POLICY_EARLY_F_C',	'MODIFIER_PLAYER_CAPITAL_CITY_ADJUST_CITY_YIELD_CHANGE',	'RH_AI_ANCIENT_ONLY_REQ_S');

INSERT OR IGNORE INTO ModifierArguments  (ModifierId, Name, Value) VALUES	
		('ENC_POLICY_EARLY_F_C',	'YieldType'    , 'YIELD_FAITH'),
		('ENC_POLICY_EARLY_F_C',	'Amount'       , 1);

INSERT OR IGNORE INTO PolicyModifiers  (PolicyType, ModifierId)  VALUES	
		('POLICY_URBAN_PLANNING',      		  							'ENC_POLICY_EARLY_F_C');
*/






INSERT OR IGNORE INTO PolicyModifiers  (PolicyType, ModifierId)  VALUES	
		('POLICY_VETERANCY',      		  							'ENC_POLICY_EARLY_SMALL_RH'), --30% production harbors and encampment (+buildings )
		('POLICY_MARITIME_INDUSTRIES',      		  				'ENC_POLICY_EARLY_SMALL_RH'); -- 100% production towards ancient / classical boats

INSERT OR IGNORE INTO Modifiers   (ModifierId, ModifierType, SubjectRequirementSetId) VALUES	
		('ENC_POLICY_EARLY_SMALL_RH',	'MODIFIER_PLAYER_CITIES_ADJUST_CITY_YIELD_CHANGE',	'RH_AI_ANCIENT_ONLY_REQ_S');

INSERT OR IGNORE INTO ModifierArguments  (ModifierId, Name, Value) VALUES	
		('ENC_POLICY_EARLY_SMALL_RH',	'YieldType'    , 'YIELD_GOLD'),
		('ENC_POLICY_EARLY_SMALL_RH',	'Amount'       , 1);


INSERT OR IGNORE INTO PolicyModifiers  (PolicyType, ModifierId)  VALUES	
		('POLICY_NATURAL_PHILOSOPHY',      		  			'ENC_POLICY_EARLY_S_RH'); -- 100% campus adj

INSERT OR IGNORE INTO Modifiers   (ModifierId, ModifierType, SubjectRequirementSetId) VALUES	
		('ENC_POLICY_EARLY_S_RH',	'MODIFIER_PLAYER_CITIES_ADJUST_CITY_YIELD_CHANGE',	'RH_NATURAL_PHILO_PUSH_REQ_S_2');

INSERT OR IGNORE INTO ModifierArguments  (ModifierId, Name, Value) VALUES	
		('ENC_POLICY_EARLY_S_RH',	'YieldType'    , 'YIELD_SCIENCE'),
		('ENC_POLICY_EARLY_S_RH',	'Amount'       , 2); -- pvs 1


INSERT OR IGNORE INTO PolicyModifiers  (PolicyType, ModifierId)  VALUES	
		('POLICY_NATURAL_PHILOSOPHY',      		  			'ENC_POLICY_ENC_HIGH_SCIENCE_ADJ'); -- 100% campus adj

INSERT OR IGNORE INTO Modifiers   (ModifierId, ModifierType, SubjectRequirementSetId) VALUES	
		('ENC_POLICY_ENC_HIGH_SCIENCE_ADJ',	'MODIFIER_PLAYER_CITIES_ADJUST_CITY_YIELD_CHANGE',	'RH_NATURAL_PHILO_PUSH_REQ_S_4');

INSERT OR IGNORE INTO ModifierArguments  (ModifierId, Name, Value) VALUES	
		('ENC_POLICY_ENC_HIGH_SCIENCE_ADJ',	'YieldType'    , 'YIELD_SCIENCE'),
		('ENC_POLICY_ENC_HIGH_SCIENCE_ADJ',	'Amount'       , 6); -- pvs 2, 3



-- 100% Industrial Zone Adj (craftsmen)

INSERT OR IGNORE INTO PolicyModifiers  (PolicyType, ModifierId)  VALUES	
		('POLICY_CRAFTSMEN',      		  			'ENC_POLICY_ENC_HIGH_PRODUCTION_ADJ'); -- 100% ind adj

INSERT OR IGNORE INTO Modifiers   (ModifierId, ModifierType, SubjectRequirementSetId) VALUES	
		('ENC_POLICY_ENC_HIGH_PRODUCTION_ADJ',	'MODIFIER_PLAYER_CITIES_ADJUST_CITY_YIELD_CHANGE',	'RH_CRAFTSMEN_PUSH_REQ_S_3');

INSERT OR IGNORE INTO ModifierArguments  (ModifierId, Name, Value) VALUES	
		('ENC_POLICY_ENC_HIGH_PRODUCTION_ADJ',	'YieldType'    , 'YIELD_PRODUCTION'),
		('ENC_POLICY_ENC_HIGH_PRODUCTION_ADJ',	'Amount'       , 30); -- pvs 2, 5, 7, 8, 10, 15


INSERT OR IGNORE INTO PolicyModifiers  (PolicyType, ModifierId)  VALUES	
		('POLICY_FUTURE_COUNTER_CULTURE', 	 			 'ENC_POLICY_LATE_S_RH'); -- Music Censorship

INSERT OR IGNORE INTO Modifiers   (ModifierId, ModifierType, SubjectRequirementSetId) VALUES	
		('ENC_POLICY_LATE_S_RH',	'MODIFIER_PLAYER_CITIES_ADJUST_CITY_YIELD_CHANGE',	'RH_AI_ANCIENT_ONLY_REQ_S');

INSERT OR IGNORE INTO ModifierArguments  (ModifierId, Name, Value) VALUES	
		('ENC_POLICY_LATE_S_RH',	'YieldType'    , 'YIELD_SCIENCE'),
		('ENC_POLICY_LATE_S_RH',	'Amount'       , 6); -- pvs 3




INSERT OR IGNORE INTO PolicyModifiers  (PolicyType, ModifierId)  VALUES	
		('POLICY_SCRIPTURE',      		  					'ENC_POLICY_EARLY_R_RH'); -- 100% Holy Site adj 2

INSERT OR IGNORE INTO Modifiers   (ModifierId, ModifierType, SubjectRequirementSetId) VALUES	
		('ENC_POLICY_EARLY_R_RH',	'MODIFIER_PLAYER_CITIES_ADJUST_CITY_YIELD_CHANGE',	'RH_WORK_ETHIC_PUSH_REQ_S_2');

INSERT OR IGNORE INTO ModifierArguments  (ModifierId, Name, Value) VALUES	
		('ENC_POLICY_EARLY_R_RH',	'YieldType'    , 'YIELD_FAITH'),
		('ENC_POLICY_EARLY_R_RH',	'Amount'       , 6); --4, 5 too low

INSERT OR IGNORE INTO PolicyModifiers  (PolicyType, ModifierId)  VALUES	
		('POLICY_SCRIPTURE',      		  					'ENC_POLICY_R_HIGH_ADJ_RH_5'); -- 100% Holy Site adj 4

INSERT OR IGNORE INTO Modifiers   (ModifierId, ModifierType, SubjectRequirementSetId) VALUES	
		('ENC_POLICY_R_HIGH_ADJ_RH_5',	'MODIFIER_PLAYER_CITIES_ADJUST_CITY_YIELD_CHANGE',	'RH_WORK_ETHIC_PUSH_REQ_S_4');

INSERT OR IGNORE INTO ModifierArguments  (ModifierId, Name, Value) VALUES	
		('ENC_POLICY_R_HIGH_ADJ_RH_5',	'YieldType'    , 'YIELD_FAITH'),
		('ENC_POLICY_R_HIGH_ADJ_RH_5',	'Amount'       , 10);  -- pvs 7


INSERT OR IGNORE INTO PolicyModifiers  (PolicyType, ModifierId)  VALUES	
		('POLICY_SCRIPTURE',      		  					'ENC_POLICY_R_HIGH_ADJ_RH_7'); -- 100% Holy Site adj 6

INSERT OR IGNORE INTO Modifiers   (ModifierId, ModifierType, SubjectRequirementSetId) VALUES	
		('ENC_POLICY_R_HIGH_ADJ_RH_7',	'MODIFIER_PLAYER_CITIES_ADJUST_CITY_YIELD_CHANGE',	'RH_WORK_ETHIC_PUSH_REQ_S_6');

INSERT OR IGNORE INTO ModifierArguments  (ModifierId, Name, Value) VALUES	
		('ENC_POLICY_R_HIGH_ADJ_RH_7',	'YieldType'    , 'YIELD_RH_FAITH'),
		('ENC_POLICY_R_HIGH_ADJ_RH_7',	'Amount'       , 20);  



/*
('POLICY_GOV_AUTOCRACY', 'POLICY_GOV_THEOCRACY', 'POLICY_GOV_DEMOCRACY');

 ('POLICY_GOV_OLIGARCHY', 'POLICY_GOV_MONARCHY', 'POLICY_GOV_FASCISM');

('POLICY_GOV_CLASSICAL_REPUBLIC', 'POLICY_GOV_MERCHANT_REPUBLIC', 'POLICY_GOV_COMMUNISM');

*/

INSERT OR IGNORE INTO Modifiers   (ModifierId, ModifierType, SubjectRequirementSetId) VALUES	
		('ENC_POLICY_RH',	'MODIFIER_PLAYER_ADJUST_DUPLICATE_FIRST_INFLUENCE_TOKEN',	'RH_AI_ANCIENT_ONLY_REQ_S');

INSERT OR IGNORE INTO ModifierArguments  (ModifierId, Name, Value) VALUES	
	--	('ENC_POLICY_RH',	'YieldType'    , 'YIELD_GOLD'),
		('ENC_POLICY_RH',	'Amount'       , 1);


INSERT OR IGNORE INTO PolicyModifiers  (PolicyType, ModifierId)  VALUES	
		('POLICY_INTERNATIONAL_WATERS',       'ENC_POLICY_RH'), -- 100% production towards all naval units
		('POLICY_SERFDOM',      		  	  'ENC_POLICY_RH'), -- +2 Builder charges
		('POLICY_PUBLIC_WORKS',      		  'ENC_POLICY_RH'), -- Serfdom replacement, 2 builders charges and 30% production
		('POLICY_FIVE_YEAR_PLAN', 			  'ENC_POLICY_RH'),
	--	('POLICY_RATIONALISM', 			      'ENC_POLICY_RH'),
		('POLICY_CRYPTOGRAPHY',      		  'ENC_POLICY_RH'), -- -2 Spy level, +1 for offensive ops
		('POLICY_GOV_MONARCHY', 			  'ENC_POLICY_RH'),
		('POLICY_GOV_CLASSICAL_REPUBLIC', 	  'ENC_POLICY_RH'),
		('POLICY_GOV_COMMUNISM', 			  'ENC_POLICY_RH'),
		('POLICY_INTERNATIONAL_SPACE_AGENCY', 'ENC_POLICY_RH'); -- 5% Science per city state




INSERT OR IGNORE INTO Modifiers   (ModifierId, ModifierType, SubjectRequirementSetId) VALUES	
		('ENC_POLICY_HIGH_UATTACK_RH',	'MODIFIER_PLAYER_CITIES_ADJUST_CITY_YIELD_CHANGE',	'RH_AI_ANCIENT_ONLY_REQ_S');

INSERT OR IGNORE INTO ModifierArguments  (ModifierId, Name, Value) VALUES	
		('ENC_POLICY_HIGH_UATTACK_RH',	'YieldType'    , 'YIELD_RH_UNDER_ATTACK'),
		('ENC_POLICY_HIGH_UATTACK_RH',	'Amount'       , 150); -- pvs 15, 20, 40, 80

INSERT OR IGNORE INTO PolicyModifiers  (PolicyType, ModifierId)  VALUES	
		('POLICY_FINEST_HOUR', 			 	  'ENC_POLICY_HIGH_UATTACK_RH'),  -- +5 adj to home territory
		('POLICY_FUTURE_COUNTER_DOMINATION',  'ENC_POLICY_HIGH_UATTACK_RH'); -- +7 Defensive Strength


INSERT OR IGNORE INTO Modifiers   (ModifierId, ModifierType, SubjectRequirementSetId) VALUES	
		('ENC_POLICY_HIGH_AW_RH',	'MODIFIER_PLAYER_CITIES_ADJUST_CITY_YIELD_CHANGE',	'RH_AI_ANCIENT_ONLY_REQ_S');

INSERT OR IGNORE INTO ModifierArguments  (ModifierId, Name, Value) VALUES	
		('ENC_POLICY_HIGH_AW_RH',	'YieldType'    , 'YIELD_RH_AT_WAR'),
		('ENC_POLICY_HIGH_AW_RH',	'Amount'       , 1);

INSERT OR IGNORE INTO PolicyModifiers  (PolicyType, ModifierId)  VALUES	
		('POLICY_FINEST_HOUR', 			 	  'ENC_POLICY_HIGH_AW_RH'),  -- +5 adj to home territory
		('POLICY_FUTURE_COUNTER_DOMINATION',  'ENC_POLICY_HIGH_AW_RH'); -- +7 Defensive Strength





-- Oligarchy and Fascism Policies

INSERT OR IGNORE INTO PolicyModifiers  (PolicyType, ModifierId)  VALUES	
		('POLICY_GOV_OLIGARCHY', 			  'ENC_POLICY_AT_WAR_HIGH_RH');

INSERT OR IGNORE INTO Modifiers   (ModifierId, ModifierType, SubjectRequirementSetId) VALUES	
		('ENC_POLICY_AT_WAR_HIGH_RH',	'MODIFIER_PLAYER_ADJUST_DUPLICATE_FIRST_INFLUENCE_TOKEN',	'RH_AT_WAR_MAJOR_REQ_S');

INSERT OR IGNORE INTO ModifierArguments  (ModifierId, Name, Value) VALUES	
	--	('ENC_POLICY_AT_WAR_HIGH_RH',	'YieldType'    , 'YIELD_GOLD'),
		('ENC_POLICY_AT_WAR_HIGH_RH',	'Amount'       , 15);

INSERT OR IGNORE INTO Modifiers   (ModifierId, ModifierType, SubjectRequirementSetId) VALUES	
		('ENC_POLICY_VV_HIGH_RH2',	'MODIFIER_PLAYER_ADJUST_DUPLICATE_FIRST_INFLUENCE_TOKEN',	'RH_AT_WAR_MAJOR_REQ_S');

INSERT OR IGNORE INTO ModifierArguments  (ModifierId, Name, Value) VALUES	
	--	('ENC_POLICY_VV_HIGH_RH2',	'YieldType'    , 'YIELD_PRODUCTION'),
		('ENC_POLICY_VV_HIGH_RH2',	'Amount'       , 20);

INSERT OR IGNORE INTO PolicyModifiers  (PolicyType, ModifierId)  VALUES
		('POLICY_GOV_FASCISM', 			      'ENC_POLICY_VV_HIGH_RH2');

-- Mil Reforms Policies

INSERT OR IGNORE INTO PolicyModifiers  (PolicyType, ModifierId)  VALUES	
		('POLICY_AFTER_ACTION_REPORTS', 		  'ENC_POLICY_MIL_REFORMS_HIGH_RH'), -- 50% Experience
		('POLICY_ELITE_FORCES', 			      'ENC_POLICY_MIL_REFORMS_HIGH_RH'), -- Dark Age
		('POLICY_CYBER_WARFARE', 			      'ENC_POLICY_MIL_REFORMS_HIGH_RH'), -- Dark Age
		('POLICY_GOV_OLIGARCHY', 			      'ENC_POLICY_MIL_REFORMS_HIGH_RH'),
		('POLICY_GOV_FASCISM', 			      	  'ENC_POLICY_MIL_REFORMS_HIGH_RH');

INSERT OR IGNORE INTO Modifiers   (ModifierId, ModifierType, SubjectRequirementSetId) VALUES	
		('ENC_POLICY_MIL_REFORMS_HIGH_RH',	'MODIFIER_PLAYER_ADJUST_DUPLICATE_FIRST_INFLUENCE_TOKEN',	'RH_MIL_Reforms_Req_S');

INSERT OR IGNORE INTO ModifierArguments  (ModifierId, Name, Value) VALUES	
		('ENC_POLICY_MIL_REFORMS_HIGH_RH',	'Amount'       , 2);


INSERT OR IGNORE INTO PolicyModifiers  (PolicyType, ModifierId)  VALUES	
		('POLICY_INTERNATIONAL_WATERS', 			      	  'ENC_POLICY_MIL_REFORMS_LOW_RH'), -- 100% Naval
		('POLICY_MILITARY_FIRST', 			      	  		  'ENC_POLICY_MIL_REFORMS_LOW_RH'); -- 50% Production Towards Melee / Ranged Units

INSERT OR IGNORE INTO Modifiers   (ModifierId, ModifierType, SubjectRequirementSetId) VALUES	
		('ENC_POLICY_MIL_REFORMS_LOW_RH',	'MODIFIER_PLAYER_ADJUST_DUPLICATE_FIRST_INFLUENCE_TOKEN',	'RH_MIL_Reforms_Req_S');

INSERT OR IGNORE INTO ModifierArguments  (ModifierId, Name, Value) VALUES	
		('ENC_POLICY_MIL_REFORMS_LOW_RH',	'Amount'       , 1);



INSERT OR IGNORE INTO Modifiers  (ModifierId, ModifierType, SubjectRequirementSetId) VALUES		
		('RH_POLICY_FOOD_S',				'MODIFIER_PLAYER_CITIES_ADJUST_CITY_YIELD_CHANGE',	'RH_AI_ANCIENT_ONLY_REQ_S');

INSERT OR IGNORE INTO ModifierArguments  (ModifierId, Name, Value) VALUES	
		('RH_POLICY_FOOD_S',	'YieldType'    , 'YIELD_FOOD'),
		('RH_POLICY_FOOD_S',						'Amount'   , 3); -- pvs 2

INSERT OR IGNORE INTO PolicyModifiers  (PolicyType, ModifierId)  VALUES	
		('POLICY_LIBERALISM', 			      	  'RH_POLICY_FOOD_S');  -- +1 Amenity 2 Districts



INSERT OR IGNORE INTO Modifiers   (ModifierId, ModifierType, SubjectRequirementSetId) VALUES	
		('ENC_POLICY_VV_HIGH_RH3',	'MODIFIER_PLAYER_ADJUST_DUPLICATE_FIRST_INFLUENCE_TOKEN',	'RH_AI_ANCIENT_ONLY_REQ_S');

INSERT OR IGNORE INTO ModifierArguments  (ModifierId, Name, Value) VALUES	
	--	('ENC_POLICY_VV_HIGH_RH3',	'YieldType'    , 'YIELD_PRODUCTION'),
		('ENC_POLICY_VV_HIGH_RH3',	'Amount'       , 1);
		
INSERT OR IGNORE INTO PolicyModifiers  (PolicyType, ModifierId)  VALUES
		('POLICY_GOV_OLIGARCHY', 			  'ENC_POLICY_VV_HIGH_RH3');


INSERT OR IGNORE INTO Modifiers   (ModifierId, ModifierType, SubjectRequirementSetId) VALUES	
		('ENC_POLICY_VV_HIGH_RH4',	'MODIFIER_PLAYER_CITIES_ADJUST_CITY_YIELD_CHANGE',	'RH_AI_ANCIENT_ONLY_REQ_S');

INSERT OR IGNORE INTO ModifierArguments  (ModifierId, Name, Value) VALUES	
		('ENC_POLICY_VV_HIGH_RH4',	'YieldType'    , 'YIELD_FAITH'),
		('ENC_POLICY_VV_HIGH_RH4',	'Amount'       , 2);		
		



INSERT OR IGNORE INTO PolicyModifiers (PolicyType,			ModifierId)
SELECT 'POLICY_ONLINE_COMMUNITIES', 'ENC_C_POLICY_RH'
WHERE EXISTS (SELECT * FROM Policies WHERE PolicyType = 'POLICY_ONLINE_COMMUNITIES'); --50% Tourism with trade route, EPS mod COMPATIBILITY



INSERT OR IGNORE INTO PolicyModifiers  (PolicyType, ModifierId)  VALUES	

		('POLICY_SYMPHONIES', 		  		  'ENC_C_POLICY_RH'), -- +4 Great Musician points per turn. +4 additional Great Musician points for every Broadcast Center.
		('POLICY_FRESCOES', 		  		  'ENC_C_POLICY_RH'), -- +2 Great Artist points per turn. +2 additional Great Artist points for every Art Museum.
		('POLICY_CONTAINMENT', 			      'ENC_C_POLICY_RH'), -- Double envoys if different gov
		('POLICY_COLLECTIVE_ACTIVISM', 		  'ENC_C_POLICY_RH'); -- 5% Culture per city state

INSERT OR IGNORE INTO Modifiers   (ModifierId, ModifierType, SubjectRequirementSetId) VALUES	
		('ENC_C_POLICY_RH',	'MODIFIER_PLAYER_CITIES_ADJUST_CITY_YIELD_CHANGE',	'RH_AI_ANCIENT_ONLY_REQ_S');

INSERT OR IGNORE INTO ModifierArguments  (ModifierId, Name, Value) VALUES	
		('ENC_C_POLICY_RH',	'YieldType'    , 'YIELD_CULTURE'),
		('ENC_C_POLICY_RH',	'Amount'       , 7); -- pvs 2, 3, 6



INSERT OR IGNORE INTO PolicyModifiers  (PolicyType, ModifierId)  VALUES	
		('POLICY_INVENTION',      		    'ENC_S_POLICY_RH'), -- +4 Great Engineer points per turn. +2 additional Great Engineer points for every Workshop.
		('POLICY_NOBEL_PRIZE',      		'ENC_S_POLICY_RH'), -- Science Foundations -- Engineer and Scientist Points
		('POLICY_NUCLEAR_ESPIONAGE',      	'ENC_S_POLICY_RH'), -- Double tech boost if undetected
		('POLICY_NEW_DEAL', 				'ENC_S_POLICY_RH'); -- Amentiies and Housing

INSERT OR IGNORE INTO Modifiers   (ModifierId, ModifierType, SubjectRequirementSetId) VALUES	
		('ENC_S_POLICY_RH',	'MODIFIER_PLAYER_CITIES_ADJUST_CITY_YIELD_CHANGE',	'RH_AI_ANCIENT_ONLY_REQ_S');

INSERT OR IGNORE INTO ModifierArguments  (ModifierId, Name, Value) VALUES	
		('ENC_S_POLICY_RH',	'YieldType'    , 'YIELD_SCIENCE'),
		('ENC_S_POLICY_RH',	'Amount'       , 8); -- pvs 2, 3, 6


INSERT OR IGNORE INTO Modifiers  (ModifierId, ModifierType, SubjectRequirementSetId)  VALUES	
('RH_POL_DIS_XS',	'MODIFIER_PLAYER_CAPITAL_CITY_ADJUST_CITY_YIELD_CHANGE',	'RH_AI_ANCIENT_ONLY_REQ_S'),
('RH_POL_DIS_MXS',	'MODIFIER_PLAYER_CAPITAL_CITY_ADJUST_CITY_YIELD_CHANGE',	'RH_AI_ANCIENT_ONLY_REQ_S'),
('RH_POL_DIS_S',	'MODIFIER_PLAYER_CAPITAL_CITY_ADJUST_CITY_YIELD_CHANGE',	'RH_AI_ANCIENT_ONLY_REQ_S'),
('RH_POL_DIS_M',	'MODIFIER_PLAYER_CAPITAL_CITY_ADJUST_CITY_YIELD_CHANGE',	'RH_AI_ANCIENT_ONLY_REQ_S'),
('RH_POL_DIS_L',	'MODIFIER_PLAYER_CAPITAL_CITY_ADJUST_CITY_YIELD_CHANGE',	'RH_AI_ANCIENT_ONLY_REQ_S'),
('RH_POL_DIS_ML',	'MODIFIER_PLAYER_CAPITAL_CITY_ADJUST_CITY_YIELD_CHANGE',	'RH_AI_ANCIENT_ONLY_REQ_S'),

('RH_POL_DIS_XL',	'MODIFIER_PLAYER_ADJUST_DUPLICATE_FIRST_INFLUENCE_TOKEN',	'RH_AI_ANCIENT_ONLY_REQ_S'),

('RH_POL_DIS',	'MODIFIER_PLAYER_CAPITAL_CITY_ADJUST_CITY_YIELD_CHANGE',	'RH_AI_ANCIENT_ONLY_REQ_S');


INSERT OR IGNORE INTO ModifierArguments  (ModifierId, Name, Value)  VALUES	
		('RH_POL_DIS_XS',	'YieldType'    , 'YIELD_RH_FAITH'),
		('RH_POL_DIS_XS',	'Amount'       , -5),

		('RH_POL_DIS_MXS',	'YieldType'    , 'YIELD_RH_FAITH'),
		('RH_POL_DIS_MXS',	'Amount'       , -10),

		('RH_POL_DIS_S',	'YieldType'    , 'YIELD_RH_FAITH'),
		('RH_POL_DIS_S',	'Amount'       , -20),

		('RH_POL_DIS_M',	'YieldType'    , 'YIELD_RH_FAITH'),
		('RH_POL_DIS_M',	'Amount'       , -50),
		
		('RH_POL_DIS_L',	'YieldType'    , 'YIELD_RH_FAITH'),
		('RH_POL_DIS_L',	'Amount'       , -900),	-- pvs -300, -500, -750

		('RH_POL_DIS_ML',	'YieldType'    , 'YIELD_RH_FAITH'),
		('RH_POL_DIS_ML',	'Amount'       , -300),	

	--	('RH_POL_DIS_XL',	'YieldType'    , 'YIELD_RH_FAITH'),
		('RH_POL_DIS_XL',	'Amount'       , -50), 

		('RH_POL_DIS',	'YieldType'    , 	'YIELD_RH_FAITH'),
		('RH_POL_DIS',	'Amount'       , 	-110); -- pvs -100




/*

Requirements to test:
		<Row>
			<RequirementSetId>CITY_FOUNDED_ON_NON_HOME_CONTINENT_REQUIREMENTS</RequirementSetId>
			<RequirementId>REQUIRES_CITY_IS_NOT_OWNER_CAPITAL_CONTINENT</RequirementId>
		</Row>
		<Row>
			<RequirementSetId>CITY_FOUNDED_ON_NON_HOME_CONTINENT_REQUIREMENTS</RequirementSetId>
			<RequirementId>CITY_FOUNDED_BY_SETTLER_REQUIREMENT</RequirementId>
		</Row>
		
				<Row>
			<RequirementSetId>ON_ESPIONAGE_DETECTED</RequirementSetId>
			<RequirementId>REQUIRES_ESPIONAGE_DETECTED</RequirementId>
		</Row>

*/


-- RH Policy Dis

INSERT OR IGNORE INTO PolicyModifiers (PolicyType, ModifierId)  VALUES	

		('POLICY_SURVEY', 'RH_POL_DIS'), -- pvs XS

		('POLICY_LIMITANEI', 'RH_POL_DIS_ML'), -- +2 Loyalty with Garrisoned Unit
		('POLICY_CONSCRIPTION', 'RH_POL_DIS'), -- -1 Maintenance
		('POLICY_CARAVANSARIES', 'RH_POL_DIS'), -- +2 gold from trade routes
		('POLICY_LAND_SURVEYORS', 'RH_POL_DIS'), -- 20% lower tile cost
		
		('POLICY_DIPLOMATIC_LEAGUE', 'RH_POL_DIS_XL'), -- too much (Dup influence tokens) -- Todo, early only
		
		('POLICY_RAID', 'RH_POL_DIS_L'),
		('POLICY_CIVIL_PRESTIGE', 'RH_POL_DIS_S'), -- too much, governers +1 amenity, 2 housing
		
		('POLICY_EQUESTRIAN_ORDERS', 'RH_POL_DIS'), -- Extra Horse and Iron per Resource
		
		('POLICY_TOTAL_WAR', 'RH_POL_DIS_L'), -- 50% pillage / plunder (could be bugged)
		
		('POLICY_MERCHANT_CONFEDERATION', 'RH_POL_DIS_S'), -- Gold from envoys, pvs -5
		
		('POLICY_MILITARY_RESEARCH', 'RH_POL_DIS'), -- Milt Aca, Ren Walls and Seaports +2 Science	
		
		('POLICY_COLONIAL_TAXES', 'RH_POL_DIS_M'), -- Diplo, 25% gold 10% production on foreign continents
		
		('POLICY_PROFESSIONAL_ARMY', 'RH_POL_DIS_L'), -- 50% Gold Discount, pvs -50
		('POLICY_RETINUES',			 'RH_POL_DIS_ML'),	 -- 50% Resource Discount, pvs 0
		
		('POLICY_NATIONAL_IDENTITY',	'RH_POL_DIS'),	 -- 50% less Combat Strength from reduced health
		
		('POLICY_LEVEE_EN_MASSE', 'RH_POL_DIS'), -- 2 unit Maintenance, pvs -10

		('POLICY_ISOLATIONISM', 'RH_POL_DIS_L'), -- Can't settle new cities / produce settlers
		('POLICY_COLONIAL_OFFICES', 'RH_POL_DIS_M'), -- 15% growth and 3 loyalty for foreign continents - diplomatic
		
		('POLICY_RAJ', 'RH_POL_DIS_M'), -- +2 Science, Culture, Faith and Gold from each city-state you are Suzerain of. +2 Gold for Trade Routes to city-states.

		('POLICY_TRADE_CONFEDERATION', 'RH_POL_DIS'), -- +1 Culture and +1 Science from international Trade Routes.

		('POLICY_FREE_MARKET', 'RH_POL_DIS_S'), -- Extra Gold from buildings in Commercial Hubs: +50% if city Citizen population is 15 or higher, +50% if district has at least +4 adjacency bonus.
		
		('POLICY_TOWN_CHARTERS', 'RH_POL_DIS_S'), -- +100% Commercial Hub district adjacency bonuses.

		('POLICY_EXPROPRIATION', 'RH_POL_DIS'), --50% settler discount, 20% lower plot cost
		
		('POLICY_PRAETORIUM', 'RH_POL_DIS'), -- Governors provide +2 Loyalty per turn to their city.
		
		('POLICY_REVELATION', 'RH_POL_DIS'); -- +2 GP Prophet
	

INSERT OR IGNORE INTO PolicyModifiers (PolicyType,			ModifierId)
SELECT 'POLICY_NATIVE_CONQUEST', 'RH_POL_DIS_L'
WHERE EXISTS (SELECT * FROM Policies WHERE PolicyType = 'POLICY_NATIVE_CONQUEST'); -- Combat victories over units from earlier eras provide Gold equal to 50% of the Strength Combat Strength of the defeated unit. EPS mod COMPATIBILITY



	
--INSERT OR IGNORE INTO	TraitModifiers	(TraitType,					ModifierId)  VALUES		
--			('TRAIT_LEADER_SATYAGRAHA',				'RH_CIVIC_ENC_TT'),
--			('TRAIT_LEADER_SATYAGRAHA',				'RH_CIVIC_ENC_CS'),
--			('TRAIT_LEADER_SATYAGRAHA',				'RH_CIVIC_ENC_SF');
				



-- RH Spys Internal

INSERT INTO TraitModifiers
		(TraitType,						ModifierId) VALUES	
		--
		('TRAIT_LEADER_MAJOR_CIV',		'MODIFIER_RH_AI_ENC_SPY_TECH'),
		('TRAIT_LEADER_MAJOR_CIV',		'MODIFIER_RH_AI_ENC_SPY_DAM');
	--	('TRAIT_LEADER_MAJOR_CIV',		'MODIFIER_RH_AI_DIS_SPY_GOV');

INSERT INTO Modifiers
		(ModifierId,					ModifierType,					 SubjectRequirementSetId) VALUES	
		('MODIFIER_RH_AI_ENC_SPY_TECH',	'MODIFIER_ALL_UNITS_ADJUST_SPYING_EFFICIENCY',		 'PLAYER_IS_AI'),
		('MODIFIER_RH_AI_ENC_SPY_DAM',	'MODIFIER_ALL_UNITS_ADJUST_SPYING_EFFICIENCY',		 'PLAYER_IS_AI');
	--	('MODIFIER_RH_AI_DIS_SPY_GOV',	'MODIFIER_ALL_UNITS_DISABLE_OPERATION',				'RH_HAS_URBANIZATION_REQ_S');
		
INSERT INTO ModifierArguments
		(ModifierId,									Name,						Value) VALUES	
		('MODIFIER_RH_AI_ENC_SPY_TECH',								'Amount',				2),
		('MODIFIER_RH_AI_ENC_SPY_TECH',								'SpyOperationType',		'UNITOPERATION_SPY_STEAL_TECH_BOOST'),
		
		('MODIFIER_RH_AI_ENC_SPY_DAM',								'Amount',				2),
		('MODIFIER_RH_AI_ENC_SPY_DAM',								'SpyOperationType',		'UNITOPERATION_SPY_BREACH_DAM');
		
	--	('MODIFIER_RH_AI_DIS_SPY_GOV',								'OperationType',		'UNITOPERATION_SPY_NEUTRALIZE_GOVERNOR');



INSERT INTO TraitModifiers
		(TraitType,						ModifierId) VALUES	
		--
		('TRAIT_LEADER_MAJOR_CIV',		'MODIFIER_RH_AI_DIS_SPY_GOV');


INSERT INTO Modifiers
		(ModifierId,					ModifierType,					SubjectRequirementSetId) VALUES	
		('MODIFIER_RH_AI_DIS_SPY_GOV',	'MODIFIER_ALL_UNITS_ADJUST_SPYING_EFFICIENCY',		'PLAYER_IS_AI');
		
INSERT INTO ModifierArguments
		(ModifierId,									Name,						Value) VALUES	
		('MODIFIER_RH_AI_DIS_SPY_GOV',								'Amount',				-100),
		('MODIFIER_RH_AI_DIS_SPY_GOV',								'OperationType',		'UNITOPERATION_SPY_NEUTRALIZE_GOVERNOR');


INSERT INTO TraitModifiers
		(TraitType,						ModifierId) VALUES	
		--
		('TRAIT_LEADER_MAJOR_CIV',		'MODIFIER_RH_AI_DIS_SPY_FUNDS');


INSERT INTO Modifiers
		(ModifierId,					ModifierType,					SubjectRequirementSetId) VALUES	
		('MODIFIER_RH_AI_DIS_SPY_FUNDS',	'MODIFIER_ALL_UNITS_ADJUST_SPYING_EFFICIENCY',		'PLAYER_IS_AI');
		
INSERT INTO ModifierArguments
		(ModifierId,									Name,						Value) VALUES	
		('MODIFIER_RH_AI_DIS_SPY_FUNDS',								'Amount',				-100), -- test
		('MODIFIER_RH_AI_DIS_SPY_FUNDS',								'OperationType',		'UNITOPERATION_SPY_SIPHON_FUNDS');




-- Eleanor

INSERT OR IGNORE INTO Modifiers
		(ModifierId,					ModifierType,					SubjectRequirementSetId) VALUES	
		('MODIFIER_RH_AI_ELEANOR_PREFERENCE',	'MODIFIER_ALL_UNITS_ADJUST_SPYING_EFFICIENCY',		'PLAYER_IS_AI');
		
INSERT OR IGNORE INTO ModifierArguments
		(ModifierId,									Name,						Value) VALUES	
		('MODIFIER_RH_AI_ELEANOR_PREFERENCE',								'Amount',				2),
		('MODIFIER_RH_AI_ELEANOR_PREFERENCE',								'OperationType',		'UNITOPERATION_SPY_FOMENT_UNREST');

INSERT OR IGNORE INTO TraitModifiers
		(TraitType,						ModifierId) VALUES	
		--
	--	('TRAIT_LEADER_LAUTARO_ABILITY',		'MODIFIER_RH_AI_ELEANOR_PREFERENCE'),
		('TRAIT_LEADER_ELEANOR_LOYALTY',		'MODIFIER_RH_AI_ELEANOR_PREFERENCE');

INSERT INTO Modifiers
		(ModifierId,					ModifierType,					SubjectRequirementSetId) VALUES	
		('MODIFIER_RH_AI_ELN_GOV_ENC',	'MODIFIER_ALL_UNITS_ADJUST_SPYING_EFFICIENCY',		'PLAYER_IS_AI');
		
INSERT INTO ModifierArguments
		(ModifierId,									Name,						Value) VALUES	
		('MODIFIER_RH_AI_ELN_GOV_ENC',								'Amount',				101),
		('MODIFIER_RH_AI_ELN_GOV_ENC',								'OperationType',		'UNITOPERATION_SPY_NEUTRALIZE_GOVERNOR');

INSERT INTO TraitModifiers
		(TraitType,						ModifierId) VALUES	
		--
		--('TRAIT_LEADER_LAUTARO_ABILITY',		'MODIFIER_RH_AI_ELN_GOV_ENC'),
		('TRAIT_LEADER_ELEANOR_LOYALTY',		'MODIFIER_RH_AI_ELN_GOV_ENC');







-- Todo Spaceport if Player Close to Victory


/*
    <Row ResolutionType="WC_RES_ESPIONAGE_PACT" Name="LOC_WC_RES_ESPIONAGE_PACT_NAME" TargetKind="UNITOPERATION" Effect1Description="LOC_WORLD_CONGRESS_PUBLIC_ESPIONAGE_PACT_BUFF_DESC" Effect2Description="LOC_WORLD_CONGRESS_PUBLIC_ESPIONAGE_PACT_DISABLE_DESC" AITargetChooser="SpyOperationType" EarliestEra="ERA_INDUSTRIAL" LatestEra="ERA_ATOMIC" ValidationLua="WC_Validate_ESPIONAGE_PACT"/>
	
	 <Row>
      <ModifierId>WC_RES_OPERATION_CHANCE_BUFF</ModifierId>
      <Name>Amount</Name>
      <Value>2</Value>
    </Row>
*/



INSERT OR IGNORE INTO RequirementSets (RequirementSetId, RequirementSetType) VALUES
		('RH_HAS_URBANIZATION_REQ_S', 'REQUIREMENTSET_TEST_ALL');

INSERT OR IGNORE INTO RequirementSetRequirements (RequirementSetId, RequirementId) VALUES
		('RH_HAS_URBANIZATION_REQ_S', 				'REQUIRES_RH_HAS_CIVIC_URBANIZATION'),
		('RH_HAS_URBANIZATION_REQ_S', 				'REQUIRES_PLAYER_IS_AI');
		
INSERT OR IGNORE INTO Requirements (RequirementId, RequirementType) VALUES
		('REQUIRES_RH_HAS_CIVIC_URBANIZATION', 			'REQUIREMENT_PLAYER_HAS_CIVIC');

INSERT OR IGNORE INTO RequirementArguments  (RequirementId,	Name, Value) VALUES
		('REQUIRES_RH_HAS_CIVIC_URBANIZATION',				'CivicType',	'CIVIC_MASS_MEDIA'); -- testing CIVIC_MASS_MEDIA (1 layer later)
	
	

--UNITOPERATION_SPY_NEUTRALIZE_GOVERNOR

-- Govs





INSERT OR IGNORE INTO Modifiers  (ModifierId, ModifierType, SubjectRequirementSetId) VALUES		
		('RH_GOVN_DIS_R',				'MODIFIER_PLAYER_CAPITAL_CITY_ADJUST_CITY_YIELD_CHANGE',	'RH_AI_ANCIENT_ONLY_REQ_S');  -- pvs RH_NO_RELIGION_MAJOR_REQ_S

INSERT OR IGNORE INTO ModifierArguments  (ModifierId, Name, Value) VALUES	
		('RH_GOVN_DIS_R', 				'YieldType', 'YIELD_GOLD'),
		('RH_GOVN_DIS_R',						'Amount'   , -950); -- pvs -20, 99


/*
-- Doesn't work for Scoring (Always true) but should reduce actual benefit
INSERT INTO RequirementSets (RequirementSetId, RequirementSetType)		 VALUES ('RH_COASTAL_EARLY_AI', 'REQUIREMENTSET_TEST_ALL');
INSERT INTO RequirementSetRequirements (RequirementSetId, RequirementId) VALUES ('RH_COASTAL_EARLY_AI', 'REQUIRES_PLAYER_IS_AI');
INSERT INTO RequirementSetRequirements (RequirementSetId, RequirementId) VALUES ('RH_COASTAL_EARLY_AI', 'RH_PLAYER_AT_ANCIENT_ERA');
INSERT INTO RequirementSetRequirements (RequirementSetId, RequirementId) VALUES ('RH_COASTAL_EARLY_AI', 'RH_PLAYER_NOT_CLASSICAL_ERA');
INSERT INTO RequirementSetRequirements (RequirementSetId, RequirementId) VALUES ('RH_COASTAL_EARLY_AI', 'PLOT_IS_COASTAL_LAND_XP2'); 

INSERT OR IGNORE INTO Modifiers   (ModifierId, ModifierType, SubjectRequirementSetId) VALUES	
		('RH_GOV_SEA',	'MODIFIER_PLAYER_CITIES_ADJUST_CITY_YIELD_CHANGE',	'RH_COASTAL_EARLY_AI');

INSERT OR IGNORE INTO ModifierArguments  (ModifierId, Name, Value) VALUES	
		('RH_GOV_SEA',	'YieldType'    , 'YIELD_GOLD'),
		('RH_GOV_SEA',	'Amount'       , 1);  
*/

/*
INSERT INTO Modifiers(ModifierId, ModifierType, SubjectRequirementSetId) VALUES
--('GOD_OF_THE_SEA_RESOURCES_PRODUCTION_AI',          'MODIFIER_ALL_CITIES_ATTACH_MODIFIER',          'REQUIREMENTS_CITY_FOLLOWS_PANTHEON_ANCIENT'),
('GOD_OF_THE_SEA_RESOURCES_PRODUCTION_AI_2',          'MODIFIER_ALL_CITIES_ATTACH_MODIFIER',          'CITY_FOLLOWS_PANTHEON_REQUIREMENTS'),
('GOD_OF_THE_SEA_RESOURCES_PRODUCTION_AI_MODIFIER_2', 'MODIFIER_CITY_PLOT_YIELDS_ADJUST_PLOT_YIELD',  'REQUIREMENTS_GOD_OF_THE_SEA_RESOURCES');

INSERT INTO ModifierArguments (ModifierId, Name, Value) VALUES
('GOD_OF_THE_SEA_RESOURCES_PRODUCTION_AI_2', 'ModifierId', 'GOD_OF_THE_SEA_RESOURCES_PRODUCTION_AI_MODIFIER_2'),
('GOD_OF_THE_SEA_RESOURCES_PRODUCTION_AI_MODIFIER_2', 'YieldType', 'YIELD_FOOD'),
('GOD_OF_THE_SEA_RESOURCES_PRODUCTION_AI_MODIFIER_2', 'Amount',    '5'); -- pvs 3, 4

*/


/*
In Pantheons
INSERT INTO RequirementSets (RequirementSetId, RequirementSetType)		 VALUES ('REQUIREMENTS_GOD_OF_THE_SEA_RESOURCES', 'REQUIREMENTSET_TEST_ALL');
INSERT INTO RequirementSetRequirements (RequirementSetId, RequirementId) VALUES ('REQUIREMENTS_GOD_OF_THE_SEA_RESOURCES', 'RH_PLAYER_AT_ANCIENT_ERA');
INSERT INTO RequirementSetRequirements (RequirementSetId, RequirementId) VALUES ('REQUIREMENTS_GOD_OF_THE_SEA_RESOURCES', 'RH_PLAYER_NOT_CLASSICAL_ERA');

INSERT INTO RequirementSetRequirements (RequirementSetId, RequirementId) VALUES ('REQUIREMENTS_GOD_OF_THE_SEA_RESOURCES', 'REQUIRES_PLOT_HAS_NO_IMPROVEMENT');
INSERT INTO RequirementSetRequirements (RequirementSetId, RequirementId) VALUES ('REQUIREMENTS_GOD_OF_THE_SEA_RESOURCES', 'REQUIRES_PLOT_HAS_TAG_GOD_OF_THE_SEA');
INSERT INTO RequirementSetRequirements (RequirementSetId, RequirementId) VALUES ('REQUIREMENTS_GOD_OF_THE_SEA_RESOURCES', 'REQUIRES_PLAYER_IS_AI');

INSERT INTO Requirements (RequirementId, RequirementType)				 VALUES ('REQUIRES_PLOT_HAS_TAG_GOD_OF_THE_SEA',  'REQUIREMENT_PLOT_RESOURCE_TAG_MATCHES');
INSERT INTO RequirementArguments (RequirementId, Name, Value)			 VALUES ('REQUIRES_PLOT_HAS_TAG_GOD_OF_THE_SEA',  'Tag', 'CLASS_GOD_OF_THE_SEA');
*/

INSERT OR IGNORE INTO Modifiers  (ModifierId, ModifierType, SubjectRequirementSetId) VALUES		
		('RH_GOV_PRODUCTION',				'MODIFIER_PLAYER_CAPITAL_CITY_ADJUST_CITY_YIELD_CHANGE',	'RH_AI_ANCIENT_ONLY_REQ_S');

INSERT OR IGNORE INTO ModifierArguments  (ModifierId, Name, Value) VALUES	
		('RH_GOV_PRODUCTION',			'YieldType',			'YIELD_PRODUCTION'),
		('RH_GOV_PRODUCTION',						'Amount'   , 5);

INSERT OR IGNORE INTO Modifiers  (ModifierId, ModifierType, SubjectRequirementSetId) VALUES		
		('RH_GOV_FAITH',				'MODIFIER_PLAYER_CAPITAL_CITY_ADJUST_CITY_YIELD_CHANGE',	'RH_AI_ANCIENT_ONLY_REQ_S');

INSERT OR IGNORE INTO ModifierArguments  (ModifierId, Name, Value) VALUES	
		('RH_GOV_FAITH',			'YieldType',			'YIELD_FAITH'),
		('RH_GOV_FAITH',						'Amount'   , 2);


INSERT OR IGNORE INTO Modifiers  (ModifierId, ModifierType, SubjectRequirementSetId) VALUES		
		('RH_GOV_SCIENCE',				'MODIFIER_PLAYER_CAPITAL_CITY_ADJUST_CITY_YIELD_CHANGE',	'RH_AI_ANCIENT_ONLY_REQ_S');

INSERT OR IGNORE INTO ModifierArguments  (ModifierId, Name, Value) VALUES	
		('RH_GOV_SCIENCE',			'YieldType',			'YIELD_SCIENCE'),
		('RH_GOV_SCIENCE',						'Amount'   , 6);

INSERT OR IGNORE INTO Modifiers  (ModifierId, ModifierType, SubjectRequirementSetId) VALUES		
		('RH_GOV_CULTURE',				'MODIFIER_PLAYER_CAPITAL_CITY_ADJUST_CITY_YIELD_CHANGE',	'RH_AI_ANCIENT_ONLY_REQ_S');

INSERT OR IGNORE INTO ModifierArguments  (ModifierId, Name, Value) VALUES	
		('RH_GOV_CULTURE',			'YieldType',			'YIELD_CULTURE'),
		('RH_GOV_CULTURE',						'Amount'   , 4);

INSERT OR IGNORE INTO Modifiers  (ModifierId, ModifierType, SubjectRequirementSetId) VALUES		
		('RH_GOV_FOOD',				'MODIFIER_PLAYER_CAPITAL_CITY_ADJUST_CITY_YIELD_CHANGE',	'RH_AI_ANCIENT_ONLY_REQ_S');

INSERT OR IGNORE INTO ModifierArguments  (ModifierId, Name, Value) VALUES	
		('RH_GOV_FOOD',			'YieldType',			'YIELD_FOOD'),
		('RH_GOV_FOOD',						'Amount'   , 3);





INSERT INTO GovernorPromotionModifiers     (GovernorPromotionType,			ModifierId)   VALUES	
			('GOVERNOR_PROMOTION_EDUCATOR_LIBRARIAN',					'RH_GOV_SCIENCE'),	
			('GOVERNOR_PROMOTION_EDUCATOR_CONNOISSEUR',					'RH_GOV_CULTURE'),
			('GOVERNOR_PROMOTION_EDUCATOR_RESEARCHER',					'RH_GOV_SCIENCE'),
			('GOVERNOR_PROMOTION_EDUCATOR_GRANTS',						'RH_GOV_SCIENCE'),
			
			('GOVERNOR_PROMOTION_BUILDER_GUILDMASTER',					'GOD_OF_THE_SEA_RESOURCES_PRODUCTION_AI_2'),
			('GOVERNOR_PROMOTION_AQUACULTURE',							'GOD_OF_THE_SEA_RESOURCES_PRODUCTION_AI_2'),
			
			('GOVERNOR_PROMOTION_CARDINAL_BISHOP',						'RH_GOV_FAITH'),
			
			('GOVERNOR_PROMOTION_RESOURCE_MANAGER_GROUNDBREAKER',		'RH_GOV_FOOD'),
			('GOVERNOR_PROMOTION_RESOURCE_MANAGER_SURPLUS_LOGISTICS',	'RH_GOV_FOOD'),
			('GOVERNOR_PROMOTION_RESOURCE_MANAGER_VERTICAL_INTEGRATION','RH_GOV_PRODUCTION');
					
					
INSERT INTO GovernorPromotionModifiers     (GovernorPromotionType,			ModifierId)   VALUES	
			('GOVERNOR_PROMOTION_MERCHANT_LAND_ACQUISITION',				'RH_GOVN_DIS_R');	
			
			
			
INSERT OR IGNORE INTO RequirementSets (RequirementSetId, RequirementSetType) VALUES
		('RH_AI_ANCIENT_WAR_REQ_S', 'REQUIREMENTSET_TEST_ALL');

INSERT OR IGNORE INTO RequirementSetRequirements  (RequirementSetId, RequirementId) VALUES	
	--	('RH_AI_ANCIENT_WAR_REQ_S', 'RH_PLAYER_AT_ANCIENT_ERA'),
	--	('RH_AI_ANCIENT_WAR_REQ_S', 'RH_PLAYER_NOT_MEDIEVAL_ERA'),
		('RH_AI_ANCIENT_WAR_REQ_S', 'RH_AT_WAR_REQ'),
		('RH_AI_ANCIENT_WAR_REQ_S', 'REQUIRES_RH_HAS_CIVIC_DEFENSE'),
		('RH_AI_ANCIENT_WAR_REQ_S', 'REQUIRES_PLAYER_IS_AI');			

INSERT OR IGNORE INTO Modifiers  (ModifierId, ModifierType, SubjectRequirementSetId) VALUES		
		('RH_GOVN_W',				'MODIFIER_PLAYER_CAPITAL_CITY_ADJUST_CITY_YIELD_CHANGE',	'RH_AI_ANCIENT_WAR_REQ_S'),
		('RH_GOVN_WL',				'MODIFIER_PLAYER_CAPITAL_CITY_ADJUST_CITY_YIELD_CHANGE',	'RH_AI_ANCIENT_WAR_REQ_S');



INSERT OR IGNORE INTO ModifierArguments  (ModifierId, Name, Value) VALUES	
		('RH_GOVN_W',			'YieldType',			'YIELD_RH_AT_WAR'),
		('RH_GOVN_W',						'Amount'   , 1),
		('RH_GOVN_WL',			'YieldType',			'YIELD_RH_AT_WAR'),
		('RH_GOVN_WL',						'Amount'   , 10);


INSERT INTO GovernorPromotionModifiers     (GovernorPromotionType,			ModifierId)   VALUES	
		('GOVERNOR_PROMOTION_REDOUBT',					'RH_GOVN_W'),
		('GOVERNOR_PROMOTION_EMBRASURE',				'RH_GOVN_W'),

		('GOVERNOR_PROMOTION_GARRISON_COMMANDER',		'RH_GOVN_WL'); -- Units defending within the city's territory get +5 Combat Strength. Your other cities within 9 tiles gain +4 Loyalty per turn towards your civilization.


INSERT OR IGNORE INTO	TraitModifiers	(TraitType,					ModifierId)  VALUES			
		('TRAIT_AGENDA_YINDING',						'RH_COMP_P'),
		('TRAIT_AGENDA_SAKOKU',							'RH_COMP_P1'),
		('TRAIT_CIVILIZATION_IMPROVEMENT_OPEN_AIR_MUSEUM',			'RH_COMP_P'),
		('TRAIT_CIVILIZATION_IMPROVEMENT_OPEN_AIR_MUSEUM',			'RH_COMP_P2'),

		('TRAIT_CIVILIZATION_BUILDING_PALGUM',			'RH_COMP_P1'),
					
--		('TRAIT_CIVILIZATION_DISTRICT_HIPPODROME',		'RH_COMP'),		
		('TRAIT_CIVILIZATION_DISTRICT_HIPPODROME',		'RH_COMP_P');

INSERT OR IGNORE INTO Modifiers  (ModifierId, ModifierType, SubjectRequirementSetId) VALUES	
		('RH_COMP_P1',				'MODIFIER_PLAYER_CAPITAL_CITY_ADJUST_CITY_YIELD_CHANGE',	'PLAYER_IS_AI'),	
		('RH_COMP_P',				'MODIFIER_PLAYER_CAPITAL_CITY_ADJUST_CITY_YIELD_CHANGE',	'PLAYER_IS_AI'),
		('RH_COMP_P2',				'MODIFIER_PLAYER_CITIES_ADJUST_CITY_YIELD_CHANGE',	'PLAYER_IS_AI');

INSERT OR IGNORE INTO ModifierArguments  (ModifierId, Name, Value) VALUES	

		('RH_COMP_P1',		'YieldType', 		'YIELD_PRODUCTION'),
		('RH_COMP_P1',							'Amount'   , 3),

		('RH_COMP_P',		'YieldType', 		'YIELD_PRODUCTION'),
		('RH_COMP_P',							'Amount'   , 6),

		('RH_COMP_P2',		'YieldType', 		'YIELD_PRODUCTION'),
		('RH_COMP_P2',							'Amount'   , 3);


INSERT OR IGNORE INTO Modifiers  (ModifierId, ModifierType, SubjectRequirementSetId) VALUES		
		('RH_GOVN_UNDER_ATTACK',				'MODIFIER_PLAYER_CAPITAL_CITY_ADJUST_CITY_YIELD_CHANGE',	'RH_AI_ANCIENT_WAR_REQ_S');

INSERT OR IGNORE INTO ModifierArguments  (ModifierId, Name, Value) VALUES	
		('RH_GOVN_UNDER_ATTACK',			'YieldType',			'YIELD_RH_UNDER_ATTACK'),
		('RH_GOVN_UNDER_ATTACK',						'Amount'   , 10); 

INSERT INTO GovernorPromotionModifiers     (GovernorPromotionType,			ModifierId)   VALUES	
		('GOVERNOR_PROMOTION_REDOUBT',					'RH_GOVN_UNDER_ATTACK'),
		('GOVERNOR_PROMOTION_GARRISON_COMMANDER',		'RH_GOVN_UNDER_ATTACK'), -- Units defending within the city's territory get +5 Combat Strength. Your other cities within 9 tiles gain +4 Loyalty per turn towards your civilization.
		('GOVERNOR_PROMOTION_EMBRASURE',				'RH_GOVN_UNDER_ATTACK'); -- City gains an additional Ranged Strike per turn. Military units trained in this city start with a free promotion that do not already start with a free promotion.


-- 			<SubjectRequirementSetId>CITY_HAS_RENAISSANCE_WALLS</SubjectRequirementSetId>
--REQUIRES_PLAYER_FOUNDED_RELIGION







----------------------------------------------------------------------------------------------------------------------




-- Promotion small adjustments

-- todo late gov promotions only when has late tech researched -- vertical intergration etc
-- Todo Anti-Unit Choice When Defending


INSERT OR IGNORE INTO Modifiers  (ModifierId, ModifierType, SubjectRequirementSetId) VALUES		
		('RH_GOVN_ENC',				'MODIFIER_PLAYER_ADJUST_DUPLICATE_FIRST_INFLUENCE_TOKEN',	'RH_AI_ANCIENT_ONLY_REQ_S');

INSERT OR IGNORE INTO ModifierArguments  (ModifierId, Name, Value) VALUES
		('RH_GOVN_ENC', 				'YieldType', 'YIELD_RH_PLACEMENT'),	
		('RH_GOVN_ENC',						'Amount'   , 100);


-- Melee
INSERT INTO UnitPromotionModifiers (UnitPromotionType, ModifierId) VALUES
--('PROMOTION_BATTLECRY', 'RH_GOVN_ENC'), -- 7 Vs Other Units
('PROMOTION_TORTOISE', 'RH_GOVN_ENC'); -- 10 When Defending Against Ranged

-- Naval Ranged
INSERT INTO UnitPromotionModifiers (UnitPromotionType, ModifierId) VALUES
-- Yield 50
('PROMOTION_BOMBARDMENT', 		'RH_AT_WAR_MOD_L'), -- +7
('PROMOTION_ROLLING_BARRAGE', 	'RH_AT_WAR_MOD_L'), -- +10 

-- Yield 50
('PROMOTION_LINE_OF_BATTLE', 'RH_UNDER_ATTACK_MOD_L'), -- 7 Vs Naval Units
('PROMOTION_PREPARATORY_FIRE', 'RH_UNDER_ATTACK_MOD_L'); -- 7 Vs Land Units



-- Naval Melee
INSERT INTO UnitPromotionModifiers (UnitPromotionType, ModifierId) VALUES
('PROMOTION_EMBOLON', 		'RH_PROM_ENC_WAR'), -- 7 Vs Naval Units
('PROMOTION_REINFORCED_HULL', 'RH_PROM_ENC_WAR'); -- 10 Defending Against Ranged Attacks


-- Bomber
INSERT INTO UnitPromotionModifiers (UnitPromotionType, ModifierId) VALUES
('PROMOTION_EVASIVE_MANEUVERS', 'RH_GOVN_ENC'); -- 7 Vs Anti-Air



-- Heavy Cav

INSERT INTO UnitPromotionModifiers (UnitPromotionType, ModifierId) VALUES
-- Yield 50
('PROMOTION_BARDING', 				'RH_AT_WAR_MOD_L'), -- +7 Against Ranged Attacks
('PROMOTION_ROUT', 					'RH_AT_WAR_MOD_L'), -- +5 Against Damaged Units
('PROMOTION_ARMOR_PIERCING', 		'RH_AT_WAR_MOD_L'), -- +7 Against Heavy Cav
('PROMOTION_BREAKTHROUGH', 			'RH_AT_WAR_MOD_L'); -- Double Attack




INSERT OR IGNORE INTO Modifiers  (ModifierId, ModifierType, SubjectRequirementSetId) VALUES		
		('RH_PROM_ENC_WAR',				'MODIFIER_PLAYER_CAPITAL_CITY_ADJUST_CITY_YIELD_CHANGE',	'RH_AT_WAR_MAJOR_REQ_S');

INSERT OR IGNORE INTO ModifierArguments  (ModifierId, Name, Value) VALUES	
		('RH_PROM_ENC_WAR',			'YieldType',			'YIELD_RH_AT_WAR'),
		('RH_PROM_ENC_WAR',						'Amount'   , 9);


-- Spy

INSERT OR IGNORE INTO Modifiers  (ModifierId, ModifierType, SubjectRequirementSetId) VALUES		
		('RH_SPY_CULT',				'MODIFIER_PLAYER_ADJUST_GREAT_PERSON_POINTS',	'RH_AI_ANCIENT_ONLY_REQ_S');

INSERT OR IGNORE INTO ModifierArguments  (ModifierId, Name, Value) VALUES	
		('RH_SPY_CULT',			'GreatPersonClassType',			'GREAT_PERSON_CLASS_WRITER'),
		('RH_SPY_CULT',						'Amount'   , 105); -- pvs 80

INSERT INTO UnitPromotionModifiers (UnitPromotionType, ModifierId) VALUES
('PROMOTION_SPY_CAT_BURGLAR', 		'RH_SPY_CULT'); -- Great Work Heist


INSERT OR IGNORE INTO Modifiers  (ModifierId, ModifierType, SubjectRequirementSetId) VALUES		
		('RH_SPY_SCI',				'MODIFIER_PLAYER_ADJUST_GREAT_PERSON_POINTS',	'RH_AI_ANCIENT_ONLY_REQ_S');

INSERT OR IGNORE INTO ModifierArguments  (ModifierId, Name, Value) VALUES	
		('RH_SPY_SCI',			'GreatPersonClassType',			'GREAT_PERSON_CLASS_SCIENTIST'),
		('RH_SPY_SCI',						'Amount'   , 250); -- pvs 80

INSERT INTO UnitPromotionModifiers (UnitPromotionType, ModifierId) VALUES
('PROMOTION_SPY_TECHNOLOGIST', 		'RH_SPY_SCI'); -- Tech Boost



INSERT OR IGNORE INTO Modifiers  (ModifierId, ModifierType, SubjectRequirementSetId) VALUES		
		('RH_SPY_G',				'MODIFIER_PLAYER_CAPITAL_CITY_ADJUST_CITY_YIELD_CHANGE',	'RH_AI_ANCIENT_ONLY_REQ_S');

INSERT OR IGNORE INTO ModifierArguments  (ModifierId, Name, Value) VALUES	
		('RH_SPY_G',			'YieldType',			'YIELD_RH_PLACEMENT'),
		('RH_SPY_G',						'Amount'   , 20); -- pvs 15

INSERT INTO UnitPromotionModifiers (UnitPromotionType, ModifierId) VALUES
('PROMOTION_SPY_ACE_DRIVER', 			'RH_SPY_G'),
('PROMOTION_SPY_ROCKET_SCIENTIST', 		'RH_SPY_SCI'), -- Disrupt Rocketry, RH_END_OF_TECH_MOD_XL

('PROMOTION_SPY_GUERILLA_LEADER', 		'RH_AT_WAR_MOD_XL'), -- Recruit Partisans lol
('PROMOTION_SPY_SATCHEL_CHARGES', 		'RH_SPY_G'),
('PROMOTION_SPY_DEMOLITIONS', 			'RH_SPY_G'), -- Production Sabatage

('PROMOTION_SPY_DISGUISE', 				'RH_AT_WAR_MOD_XL'),		
('PROMOTION_SPY_LINGUIST', 				'RH_AT_WAR_MOD_L'); -- 25% Mission Length Reduction

-- PROMOTION_SPY_CON_ARTIST Syphon Funds

INSERT INTO UnitPromotionModifiers (UnitPromotionType, ModifierId) VALUES
('PROMOTION_SPY_LICENSE_TO_KILL', 		'RH_GOVN_DIS_R'); -- Neutralise Governor



INSERT OR IGNORE INTO Modifiers  (ModifierId, ModifierType, SubjectRequirementSetId) VALUES		
		('RH_ROCK_C',				'MODIFIER_PLAYER_CAPITAL_CITY_ADJUST_CITY_YIELD_CHANGE',	'RH_AI_ANCIENT_ONLY_REQ_S');

INSERT OR IGNORE INTO ModifierArguments  (ModifierId, Name, Value) VALUES	
		('RH_ROCK_C',			'YieldType',			'YIELD_CULTURE'),
		('RH_ROCK_C',						'Amount'   , 200);

INSERT OR IGNORE INTO Modifiers  (ModifierId, ModifierType, SubjectRequirementSetId) VALUES		
		('RH_ROCK_FAITH',				'MODIFIER_PLAYER_CAPITAL_CITY_ADJUST_CITY_YIELD_CHANGE',	'RH_AI_ANCIENT_ONLY_REQ_S');

INSERT OR IGNORE INTO ModifierArguments  (ModifierId, Name, Value) VALUES	
		('RH_ROCK_FAITH',			'YieldType',			'YIELD_FAITH'),
		('RH_ROCK_FAITH',						'Amount'   , 200);

INSERT OR IGNORE INTO Modifiers  (ModifierId, ModifierType, SubjectRequirementSetId) VALUES		
		('RH_ROCK_FOOD',				'MODIFIER_PLAYER_CAPITAL_CITY_ADJUST_CITY_YIELD_CHANGE',	'RH_AI_ANCIENT_ONLY_REQ_S');

INSERT OR IGNORE INTO ModifierArguments  (ModifierId, Name, Value) VALUES	
		('RH_ROCK_FOOD',			'YieldType',			'YIELD_FOOD'),
		('RH_ROCK_FOOD',						'Amount'   , 200);


-- Rock Band
INSERT INTO UnitPromotionModifiers (UnitPromotionType, ModifierId) VALUES
('PROMOTION_GLAM_ROCK', 		'RH_ROCK_C'), -- Performs on Theater Squares 2 Levels Higher
('PROMOTION_REGGAE_ROCK', 		'RH_ROCK_C'), -- Water Park
('PROMOTION_GOES_TO', 			'RH_ROCK_C'), -- Within 10 Tiles
('PROMOTION_ARENA_ROCK', 		'RH_ROCK_C'); -- Entertainment Complex


INSERT INTO UnitPromotionModifiers (UnitPromotionType, ModifierId) VALUES
('PROMOTION_RELIGIOUS_ROCK', 		'RH_ROCK_FAITH'); -- Converts to Religion

INSERT INTO UnitPromotionModifiers (UnitPromotionType, ModifierId) VALUES
('PROMOTION_INDIE', 		'RH_ROCK_FOOD'); -- Reduces Loyalty by 40

INSERT INTO UnitPromotionModifiers (UnitPromotionType, ModifierId) VALUES
('PROMOTION_POP', 		'RH_GOVN_DIS_R'); -- 25% Gold Equal to Performance


-- Apostle

INSERT INTO UnitPromotionModifiers (UnitPromotionType, ModifierId) VALUES
('PROMOTION_INDULGENCE_VENDOR', 		'RH_GOVN_DIS_R'), -- 100 Gold Per First New City
('PROMOTION_PILGRIM', 					'RH_GOVN_DIS_R'); -- +3 From Natural Wonder

INSERT INTO UnitPromotionModifiers (UnitPromotionType, ModifierId) VALUES
('PROMOTION_DEBATER', 			'RH_SPY_G'), 
('PROMOTION_TRANSLATOR', 		'RH_SPY_G'), -- Triple Strength
('PROMOTION_PROSELYTIZER', 		'RH_SPY_G'); -- 75 Religion Removal -- Testing

INSERT INTO UnitPromotionModifiers (UnitPromotionType, ModifierId) VALUES
('PROMOTION_MARTYR', 			'AI_BEL_BOOST_RELIC'); -- Test


INSERT OR IGNORE INTO BuildingModifiers (BuildingType, ModifierId) VALUES
('BUILDING_MONT_ST_MICHEL', 'AI_BEL_BOOST_RELIC');


/*
INSERT OR IGNORE INTO	TraitModifiers	(TraitType,					ModifierId)  VALUES			
		('TRAIT_LEADER_MAJOR_CIV',	'RH_EARLY_PANTHEON');

INSERT OR IGNORE INTO Modifiers  (ModifierId, ModifierType, SubjectRequirementSetId) VALUES		
		('RH_EARLY_PANTHEON',				'MODIFIER_PLAYER_CAPITAL_CITY_ADJUST_CITY_YIELD_CHANGE',	'RH_AI_ANC_AND_CLAS_REQ_S');

INSERT OR IGNORE INTO ModifierArguments  (ModifierId, Name, Value) VALUES	
		('RH_EARLY_PANTHEON',		'YieldType', 		'YIELD_FAITH'),
		('RH_EARLY_PANTHEON',							'Amount'   , 1);
*/


INSERT OR IGNORE INTO	TraitModifiers	(TraitType,					ModifierId)  VALUES			
		('TRAIT_LEADER_MAJOR_CIV',	'RH_TEMP_G');

INSERT OR IGNORE INTO Modifiers  (ModifierId, ModifierType, SubjectRequirementSetId) VALUES		
		('RH_TEMP_G',				'MODIFIER_PLAYER_CITIES_ADJUST_CITY_YIELD_CHANGE',	'RH_HAS_APPRENTICESHIP'); -- Temp

INSERT OR IGNORE INTO ModifierArguments  (ModifierId, Name, Value) VALUES	
		('RH_TEMP_G',		'YieldType', 		'YIELD_GOLD'),
		('RH_TEMP_G',							'Amount'   , 2); 


INSERT OR IGNORE INTO RequirementSets 
		(RequirementSetId, RequirementSetType)
VALUES
		('RH_HAS_APPRENTICESHIP', 'REQUIREMENTSET_TEST_ALL');

INSERT OR IGNORE INTO RequirementSetRequirements 
		(RequirementSetId, RequirementId)
VALUES
		('RH_HAS_APPRENTICESHIP', 'RH_APPRENTICESHIP_REQ2'),
		('RH_HAS_APPRENTICESHIP', 'REQUIRES_PLAYER_IS_AI');
		
INSERT OR IGNORE INTO Requirements
		(RequirementId, RequirementType)
VALUES
		('RH_APPRENTICESHIP_REQ2', 'REQUIREMENT_PLAYER_HAS_TECHNOLOGY');

INSERT OR IGNORE INTO RequirementArguments
		(RequirementId,	Name, Value)
VALUES
		('RH_APPRENTICESHIP_REQ2','TechnologyType', 'TECH_APPRENTICESHIP'); -- pvs smart materials, back to nuclear fusion -- SMART_MATERIALS -- TECH_NUCLEAR_FUSION -- Back to smart materials for new ops test, stills builds way too many



/*
(more in unit abilities that could be used)
		<Row>
			<UnitPromotionType>PROMOTION_CREW_WEAPONS</UnitPromotionType>
			<ModifierId>CREW_WEAPONS_DEFENSE_BONUS</ModifierId>
		</Row>
*/

----------------------------------------------------------------------------------------------------------------------





