
-- AUTHOR: ROMANHOLIDAY


-- Divine Spark Pantheon

INSERT INTO BeliefModifiers (BeliefType, ModifierId) VALUES
--('BELIEF_DIVINE_SPARK', 'DIVINE_SPARK_HOLY_SITE_ANCIENT'), -- Temp disable
('BELIEF_DIVINE_SPARK', 'DIVINE_SPARK_CAMPUS_ANCIENT'),
('BELIEF_DIVINE_SPARK', 'DIVINE_SPARK_THEATER_ANCIENT');

INSERT INTO Modifiers(ModifierId, ModifierType, SubjectRequirementSetId) VALUES
('DIVINE_SPARK_HOLY_SITE_ANCIENT', 'MODIFIER_ALL_CITIES_ATTACH_MODIFIER', 'CITY_FOLLOWS_PANTHEON_REQUIREMENTS'),
('DIVINE_SPARK_CAMPUS_ANCIENT',    'MODIFIER_ALL_CITIES_ATTACH_MODIFIER', 'CITY_FOLLOWS_PANTHEON_REQUIREMENTS'),
('DIVINE_SPARK_THEATER_ANCIENT',   'MODIFIER_ALL_CITIES_ATTACH_MODIFIER', 'CITY_FOLLOWS_PANTHEON_REQUIREMENTS');

INSERT INTO ModifierArguments (ModifierId, Name, Value) VALUES
('DIVINE_SPARK_HOLY_SITE_ANCIENT', 'ModifierId', 'DIVINE_SPARK_HOLY_SITE_ANCIENT_MODIFIER'),
('DIVINE_SPARK_CAMPUS_ANCIENT',    'ModifierId', 'DIVINE_SPARK_CAMPUS_ANCIENT_MODIFIER'),
('DIVINE_SPARK_THEATER_ANCIENT',   'ModifierId', 'DIVINE_SPARK_THEATER_ANCIENT_MODIFIER');

INSERT INTO Modifiers(ModifierId, ModifierType, SubjectRequirementSetId) VALUES
('DIVINE_SPARK_HOLY_SITE_ANCIENT_MODIFIER', 'MODIFIER_SINGLE_CITY_DISTRICTS_ADJUST_GREAT_PERSON_POINTS', 'REQUIREMENTS_DIVINE_SPARK_HOLY_SITE'),
('DIVINE_SPARK_CAMPUS_ANCIENT_MODIFIER',    'MODIFIER_SINGLE_CITY_DISTRICTS_ADJUST_GREAT_PERSON_POINTS', 'REQUIREMENTS_DIVINE_SPARK_CAMPUS'),
('DIVINE_SPARK_THEATER_ANCIENT_MODIFIER',   'MODIFIER_SINGLE_CITY_DISTRICTS_ADJUST_GREAT_PERSON_POINTS', 'REQUIREMENTS_DIVINE_SPARK_THEATER');

INSERT INTO ModifierArguments (ModifierId, Name, Value) VALUES
('DIVINE_SPARK_HOLY_SITE_ANCIENT_MODIFIER', 'GreatPersonClassType', 'GREAT_PERSON_CLASS_PROPHET'),
('DIVINE_SPARK_HOLY_SITE_ANCIENT_MODIFIER', 'Amount', '1'),
('DIVINE_SPARK_CAMPUS_ANCIENT_MODIFIER', 'GreatPersonClassType', 'GREAT_PERSON_CLASS_SCIENTIST'),
('DIVINE_SPARK_CAMPUS_ANCIENT_MODIFIER', 'Amount', '1'),
('DIVINE_SPARK_THEATER_ANCIENT_MODIFIER', 'GreatPersonClassType', 'GREAT_PERSON_CLASS_WRITER'),
('DIVINE_SPARK_THEATER_ANCIENT_MODIFIER', 'Amount', '1');

INSERT INTO RequirementSets (RequirementSetId, RequirementSetType)		 VALUES ('REQUIREMENTS_DIVINE_SPARK_HOLY_SITE', 'REQUIREMENTSET_TEST_ALL');
INSERT INTO RequirementSetRequirements (RequirementSetId, RequirementId) VALUES ('REQUIREMENTS_DIVINE_SPARK_HOLY_SITE', 'PLAYER_AT_ANCIENT_ERA');
INSERT INTO RequirementSetRequirements (RequirementSetId, RequirementId) VALUES ('REQUIREMENTS_DIVINE_SPARK_HOLY_SITE', 'PLAYER_NOT_CLASSICAL_ERA');
INSERT INTO RequirementSetRequirements (RequirementSetId, RequirementId) VALUES ('REQUIREMENTS_DIVINE_SPARK_HOLY_SITE', 'REQUIRES_PLAYER_IS_AI');
INSERT INTO RequirementSetRequirements (RequirementSetId, RequirementId) VALUES ('REQUIREMENTS_DIVINE_SPARK_HOLY_SITE', 'REQUIRES_DISTRICT_IS_HOLY_SITE'); 

INSERT INTO RequirementSets (RequirementSetId, RequirementSetType)		 VALUES ('REQUIREMENTS_DIVINE_SPARK_CAMPUS', 'REQUIREMENTSET_TEST_ALL');
INSERT INTO RequirementSetRequirements (RequirementSetId, RequirementId) VALUES ('REQUIREMENTS_DIVINE_SPARK_CAMPUS', 'PLAYER_AT_ANCIENT_ERA');
INSERT INTO RequirementSetRequirements (RequirementSetId, RequirementId) VALUES ('REQUIREMENTS_DIVINE_SPARK_CAMPUS', 'PLAYER_NOT_CLASSICAL_ERA');
INSERT INTO RequirementSetRequirements (RequirementSetId, RequirementId) VALUES ('REQUIREMENTS_DIVINE_SPARK_CAMPUS', 'REQUIRES_PLAYER_IS_AI');
INSERT INTO RequirementSetRequirements (RequirementSetId, RequirementId) VALUES ('REQUIREMENTS_DIVINE_SPARK_CAMPUS', 'REQUIRES_DISTRICT_IS_CAMPUS'); 

INSERT INTO RequirementSets (RequirementSetId, RequirementSetType)		 VALUES ('REQUIREMENTS_DIVINE_SPARK_THEATER', 'REQUIREMENTSET_TEST_ALL');
INSERT INTO RequirementSetRequirements (RequirementSetId, RequirementId) VALUES ('REQUIREMENTS_DIVINE_SPARK_THEATER', 'PLAYER_AT_ANCIENT_ERA');
INSERT INTO RequirementSetRequirements (RequirementSetId, RequirementId) VALUES ('REQUIREMENTS_DIVINE_SPARK_THEATER', 'PLAYER_NOT_CLASSICAL_ERA');
INSERT INTO RequirementSetRequirements (RequirementSetId, RequirementId) VALUES ('REQUIREMENTS_DIVINE_SPARK_THEATER', 'REQUIRES_PLAYER_IS_AI');
INSERT INTO RequirementSetRequirements (RequirementSetId, RequirementId) VALUES ('REQUIREMENTS_DIVINE_SPARK_THEATER', 'REQUIRES_DISTRICT_IS_THEATER'); 


-- +1 Culture from Pastures

INSERT INTO BeliefModifiers (BeliefType, ModifierId) VALUES
('BELIEF_GOD_OF_THE_OPEN_SKY', 'GOD_OF_THE_OPEN_SKY_RESOURCES_CULTURE'),
('BELIEF_GOD_OF_THE_OPEN_SKY', 'GOD_OF_THE_OPEN_SKY_RESOURCES_GOLD');

INSERT INTO Modifiers(ModifierId, ModifierType, SubjectRequirementSetId) VALUES
--('GOD_OF_THE_OPEN_SKY_RESOURCES_CULTURE',          'MODIFIER_ALL_CITIES_ATTACH_MODIFIER',         'REQUIREMENTS_CITY_FOLLOWS_PANTHEON_ANCIENT'),
('GOD_OF_THE_OPEN_SKY_RESOURCES_CULTURE',          'MODIFIER_ALL_CITIES_ATTACH_MODIFIER',          'CITY_FOLLOWS_PANTHEON_REQUIREMENTS'),
('GOD_OF_THE_OPEN_SKY_RESOURCES_CULTURE_MODIFIER', 'MODIFIER_CITY_PLOT_YIELDS_ADJUST_PLOT_YIELD', 'REQUIREMENTS_GOD_OF_THE_OPEN_SKY_RESOURCES'),
('GOD_OF_THE_OPEN_SKY_RESOURCES_GOLD',          'MODIFIER_ALL_CITIES_ATTACH_MODIFIER',          'CITY_FOLLOWS_PANTHEON_REQUIREMENTS'),
('GOD_OF_THE_OPEN_SKY_RESOURCES_GOLD_MODIFIER', 'MODIFIER_CITY_PLOT_YIELDS_ADJUST_PLOT_YIELD', 'REQUIREMENTS_GOD_OF_THE_OPEN_SKY_RESOURCES');

INSERT INTO ModifierArguments (ModifierId, Name, Value) VALUES
('GOD_OF_THE_OPEN_SKY_RESOURCES_CULTURE', 'ModifierId', 'GOD_OF_THE_OPEN_SKY_RESOURCES_CULTURE_MODIFIER'),
('GOD_OF_THE_OPEN_SKY_RESOURCES_CULTURE_MODIFIER', 'YieldType', 'YIELD_CULTURE'),
('GOD_OF_THE_OPEN_SKY_RESOURCES_CULTURE_MODIFIER', 'Amount',    '2'), -- Testing 2
('GOD_OF_THE_OPEN_SKY_RESOURCES_GOLD', 'ModifierId', 'GOD_OF_THE_OPEN_SKY_RESOURCES_GOLD_MODIFIER'),
('GOD_OF_THE_OPEN_SKY_RESOURCES_GOLD_MODIFIER', 'YieldType', 'YIELD_FAITH'), -- Testing
('GOD_OF_THE_OPEN_SKY_RESOURCES_GOLD_MODIFIER', 'Amount',    '1');

-- Requirement: plot has a resource with a specific tag
INSERT INTO RequirementSets (RequirementSetId, RequirementSetType)		 VALUES ('REQUIREMENTS_GOD_OF_THE_OPEN_SKY_RESOURCES', 'REQUIREMENTSET_TEST_ALL');
INSERT INTO RequirementSetRequirements (RequirementSetId, RequirementId) VALUES ('REQUIREMENTS_GOD_OF_THE_OPEN_SKY_RESOURCES', 'PLAYER_AT_ANCIENT_ERA');
INSERT INTO RequirementSetRequirements (RequirementSetId, RequirementId) VALUES ('REQUIREMENTS_GOD_OF_THE_OPEN_SKY_RESOURCES', 'PLAYER_NOT_CLASSICAL_ERA');

--INSERT INTO RequirementSetRequirements (RequirementSetId, RequirementId) VALUES ('REQUIREMENTS_GOD_OF_THE_OPEN_SKY_RESOURCES', 'REQUIRES_PLOT_HAS_NO_IMPROVEMENT');

INSERT INTO RequirementSetRequirements (RequirementSetId, RequirementId) VALUES ('REQUIREMENTS_GOD_OF_THE_OPEN_SKY_RESOURCES', 'REQUIRES_PLAYER_IS_AI');
INSERT INTO RequirementSetRequirements (RequirementSetId, RequirementId) VALUES ('REQUIREMENTS_GOD_OF_THE_OPEN_SKY_RESOURCES', 'REQUIRES_PLOT_HAS_TAG_GOD_OF_THE_OPEN_SKY');
INSERT INTO Requirements (RequirementId, RequirementType)				 VALUES ('REQUIRES_PLOT_HAS_TAG_GOD_OF_THE_OPEN_SKY',  'REQUIREMENT_PLOT_RESOURCE_TAG_MATCHES');
INSERT INTO RequirementArguments (RequirementId, Name, Value)			 VALUES ('REQUIRES_PLOT_HAS_TAG_GOD_OF_THE_OPEN_SKY',  'Tag', 'CLASS_GOD_OF_THE_OPEN_SKY');

-- Goddess of the Hunt  (+1 Food, +1 Production to Camps)

INSERT INTO BeliefModifiers (BeliefType, ModifierId) VALUES
('BELIEF_GODDESS_OF_THE_HUNT', 'GODDESS_OF_THE_HUNT_RESOURCES_FOOD'),
('BELIEF_GODDESS_OF_THE_HUNT', 'GODDESS_OF_THE_HUNT_RESOURCES_PRODUCTION'),
('BELIEF_GODDESS_OF_THE_HUNT', 'GODDESS_OF_THE_HUNT_RESOURCES_TEMP_GOLD');

INSERT INTO Modifiers(ModifierId, ModifierType, SubjectRequirementSetId) VALUES
('GODDESS_OF_THE_HUNT_RESOURCES_FOOD',          'MODIFIER_ALL_CITIES_ATTACH_MODIFIER',          'CITY_FOLLOWS_PANTHEON_REQUIREMENTS'),
('GODDESS_OF_THE_HUNT_RESOURCES_FOOD_MODIFIER', 'MODIFIER_CITY_PLOT_YIELDS_ADJUST_PLOT_YIELD', 'REQUIREMENTS_GODDESS_OF_THE_HUNT_RESOURCES'),
('GODDESS_OF_THE_HUNT_RESOURCES_PRODUCTION',          'MODIFIER_ALL_CITIES_ATTACH_MODIFIER',          'CITY_FOLLOWS_PANTHEON_REQUIREMENTS'),
('GODDESS_OF_THE_HUNT_RESOURCES_PRODUCTION_MODIFIER', 'MODIFIER_CITY_PLOT_YIELDS_ADJUST_PLOT_YIELD', 'REQUIREMENTS_GODDESS_OF_THE_HUNT_RESOURCES'),
('GODDESS_OF_THE_HUNT_RESOURCES_TEMP_GOLD',          'MODIFIER_ALL_CITIES_ATTACH_MODIFIER',          'CITY_FOLLOWS_PANTHEON_REQUIREMENTS'),
('GODDESS_OF_THE_HUNT_RESOURCES_TEMP_GOLD_MODIFIER', 'MODIFIER_CITY_PLOT_YIELDS_ADJUST_PLOT_YIELD', 'REQUIREMENTS_GODDESS_OF_THE_HUNT_RESOURCES');


INSERT INTO ModifierArguments (ModifierId, Name, Value) VALUES
('GODDESS_OF_THE_HUNT_RESOURCES_FOOD', 'ModifierId', 'GODDESS_OF_THE_HUNT_RESOURCES_FOOD_MODIFIER'),
('GODDESS_OF_THE_HUNT_RESOURCES_FOOD_MODIFIER', 'YieldType', 'YIELD_FOOD'),
('GODDESS_OF_THE_HUNT_RESOURCES_FOOD_MODIFIER', 'Amount',    '1'), -- pvs 1
('GODDESS_OF_THE_HUNT_RESOURCES_PRODUCTION', 'ModifierId', 'GODDESS_OF_THE_HUNT_RESOURCES_PRODUCTION_MODIFIER'),
('GODDESS_OF_THE_HUNT_RESOURCES_PRODUCTION_MODIFIER', 'YieldType', 'YIELD_PRODUCTION'),
('GODDESS_OF_THE_HUNT_RESOURCES_PRODUCTION_MODIFIER', 'Amount',    '1'),
('GODDESS_OF_THE_HUNT_RESOURCES_TEMP_GOLD', 'ModifierId', 'GODDESS_OF_THE_HUNT_RESOURCES_TEMP_GOLD_MODIFIER'),
('GODDESS_OF_THE_HUNT_RESOURCES_TEMP_GOLD_MODIFIER', 'YieldType', 'YIELD_FAITH'),
('GODDESS_OF_THE_HUNT_RESOURCES_TEMP_GOLD_MODIFIER', 'Amount',    '1');


-- Requirement: plot has a resource with a specific tag
INSERT INTO RequirementSets (RequirementSetId, RequirementSetType)		 VALUES ('REQUIREMENTS_GODDESS_OF_THE_HUNT_RESOURCES', 'REQUIREMENTSET_TEST_ALL');
INSERT INTO RequirementSetRequirements (RequirementSetId, RequirementId) VALUES ('REQUIREMENTS_GODDESS_OF_THE_HUNT_RESOURCES', 'PLAYER_AT_ANCIENT_ERA');
INSERT INTO RequirementSetRequirements (RequirementSetId, RequirementId) VALUES ('REQUIREMENTS_GODDESS_OF_THE_HUNT_RESOURCES', 'PLAYER_NOT_CLASSICAL_ERA');

--INSERT INTO RequirementSetRequirements (RequirementSetId, RequirementId) VALUES ('REQUIREMENTS_GODDESS_OF_THE_HUNT_RESOURCES', 'REQUIRES_PLOT_HAS_NO_IMPROVEMENT');

INSERT INTO RequirementSetRequirements (RequirementSetId, RequirementId) VALUES ('REQUIREMENTS_GODDESS_OF_THE_HUNT_RESOURCES', 'REQUIRES_PLAYER_IS_AI');
INSERT INTO RequirementSetRequirements (RequirementSetId, RequirementId) VALUES ('REQUIREMENTS_GODDESS_OF_THE_HUNT_RESOURCES', 'REQUIRES_PLOT_HAS_TAG_GODDESS_OF_THE_HUNT');
INSERT INTO Requirements (RequirementId, RequirementType)				 VALUES ('REQUIRES_PLOT_HAS_TAG_GODDESS_OF_THE_HUNT',  'REQUIREMENT_PLOT_RESOURCE_TAG_MATCHES');
INSERT INTO RequirementArguments (RequirementId, Name, Value)			 VALUES ('REQUIRES_PLOT_HAS_TAG_GODDESS_OF_THE_HUNT',  'Tag', 'CLASS_GODDESS_OF_THE_HUNT');


-- BELIEF_RELIGIOUS_IDOLS  -- +2 Faith from Mines over Luxury and Bonus resources.

INSERT INTO BeliefModifiers (BeliefType, ModifierId) VALUES
('BELIEF_RELIGIOUS_IDOLS', 'RELIGIOUS_IDOLS_RESOURCES_FAITH');

INSERT INTO Modifiers(ModifierId, ModifierType, SubjectRequirementSetId) VALUES
('RELIGIOUS_IDOLS_RESOURCES_FAITH',          'MODIFIER_ALL_CITIES_ATTACH_MODIFIER',          'CITY_FOLLOWS_PANTHEON_REQUIREMENTS'),
('RELIGIOUS_IDOLS_RESOURCES_FAITH_MODIFIER', 'MODIFIER_CITY_PLOT_YIELDS_ADJUST_PLOT_YIELD', 'REQUIREMENTS_RELIGIOUS_IDOLS_RESOURCES');

INSERT INTO ModifierArguments (ModifierId, Name, Value) VALUES
('RELIGIOUS_IDOLS_RESOURCES_FAITH', 'ModifierId', 'RELIGIOUS_IDOLS_RESOURCES_FAITH_MODIFIER'),
('RELIGIOUS_IDOLS_RESOURCES_FAITH_MODIFIER', 'YieldType', 'YIELD_FAITH'),
('RELIGIOUS_IDOLS_RESOURCES_FAITH_MODIFIER', 'Amount',    '2');

-- Requirement: plot has a resource with a specific tag
INSERT INTO RequirementSets (RequirementSetId, RequirementSetType)		 VALUES ('REQUIREMENTS_RELIGIOUS_IDOLS_RESOURCES', 'REQUIREMENTSET_TEST_ALL');
INSERT INTO RequirementSetRequirements (RequirementSetId, RequirementId) VALUES ('REQUIREMENTS_RELIGIOUS_IDOLS_RESOURCES', 'PLAYER_AT_ANCIENT_ERA');
INSERT INTO RequirementSetRequirements (RequirementSetId, RequirementId) VALUES ('REQUIREMENTS_RELIGIOUS_IDOLS_RESOURCES', 'PLAYER_NOT_CLASSICAL_ERA');

--INSERT INTO RequirementSetRequirements (RequirementSetId, RequirementId) VALUES ('REQUIREMENTS_RELIGIOUS_IDOLS_RESOURCES', 'REQUIRES_PLOT_HAS_NO_IMPROVEMENT');

INSERT INTO RequirementSetRequirements (RequirementSetId, RequirementId) VALUES ('REQUIREMENTS_RELIGIOUS_IDOLS_RESOURCES', 'REQUIRES_PLAYER_IS_AI');
INSERT INTO RequirementSetRequirements (RequirementSetId, RequirementId) VALUES ('REQUIREMENTS_RELIGIOUS_IDOLS_RESOURCES', 'REQUIRES_PLOT_HAS_TAG_RELIGIOUS_IDOLS');
INSERT INTO Requirements (RequirementId, RequirementType)				 VALUES ('REQUIRES_PLOT_HAS_TAG_RELIGIOUS_IDOLS',  'REQUIREMENT_PLOT_RESOURCE_TAG_MATCHES');
INSERT INTO RequirementArguments (RequirementId, Name, Value)			 VALUES ('REQUIRES_PLOT_HAS_TAG_RELIGIOUS_IDOLS',  'Tag', 'CLASS_RELIGIOUS_IDOLS');

-- BELIEF_STONE_CIRCLES  -- +2 Faith from Quarries (may remove if values too high)

INSERT INTO BeliefModifiers (BeliefType, ModifierId) VALUES
('BELIEF_STONE_CIRCLES', 'STONE_CIRCLES_RESOURCES_FAITH');

INSERT INTO Modifiers(ModifierId, ModifierType, SubjectRequirementSetId) VALUES
('STONE_CIRCLES_RESOURCES_FAITH',          'MODIFIER_ALL_CITIES_ATTACH_MODIFIER',          'CITY_FOLLOWS_PANTHEON_REQUIREMENTS'),
('STONE_CIRCLES_RESOURCES_FAITH_MODIFIER', 'MODIFIER_CITY_PLOT_YIELDS_ADJUST_PLOT_YIELD', 'REQUIREMENTS_STONE_CIRCLES_RESOURCES');

INSERT INTO ModifierArguments (ModifierId, Name, Value) VALUES
('STONE_CIRCLES_RESOURCES_FAITH', 'ModifierId', 'STONE_CIRCLES_RESOURCES_FAITH_MODIFIER'),
('STONE_CIRCLES_RESOURCES_FAITH_MODIFIER', 'YieldType', 'YIELD_FAITH'),
('STONE_CIRCLES_RESOURCES_FAITH_MODIFIER', 'Amount',    '1'); -- reducing to 1

INSERT INTO RequirementSets (RequirementSetId, RequirementSetType)		 VALUES ('REQUIREMENTS_STONE_CIRCLES_RESOURCES', 'REQUIREMENTSET_TEST_ALL');
INSERT INTO RequirementSetRequirements (RequirementSetId, RequirementId) VALUES ('REQUIREMENTS_STONE_CIRCLES_RESOURCES', 'PLAYER_AT_ANCIENT_ERA');
INSERT INTO RequirementSetRequirements (RequirementSetId, RequirementId) VALUES ('REQUIREMENTS_STONE_CIRCLES_RESOURCES', 'PLAYER_NOT_CLASSICAL_ERA');
INSERT INTO RequirementSetRequirements (RequirementSetId, RequirementId) VALUES ('REQUIREMENTS_STONE_CIRCLES_RESOURCES', 'REQUIRES_PLAYER_IS_AI');

--INSERT INTO RequirementSetRequirements (RequirementSetId, RequirementId) VALUES ('REQUIREMENTS_STONE_CIRCLES_RESOURCES', 'REQUIRES_PLOT_HAS_NO_IMPROVEMENT');
INSERT INTO RequirementSetRequirements (RequirementSetId, RequirementId) VALUES ('REQUIREMENTS_STONE_CIRCLES_RESOURCES', 'REQUIRES_PLOT_HAS_TAG_STONE_CIRCLES');
INSERT INTO Requirements (RequirementId, RequirementType)				 VALUES ('REQUIRES_PLOT_HAS_TAG_STONE_CIRCLES',  'REQUIREMENT_PLOT_RESOURCE_TAG_MATCHES');
INSERT INTO RequirementArguments (RequirementId, Name, Value)			 VALUES ('REQUIRES_PLOT_HAS_TAG_STONE_CIRCLES',  'Tag', 'CLASS_STONE_CIRCLES');


-- BELIEF_CITY_PATRON_GODDESS  -- +1 Production toward buildings in cities without districts.

INSERT INTO BeliefModifiers (BeliefType, ModifierId) VALUES
('BELIEF_CITY_PATRON_GODDESS', 'CITY_PATRON_GODDESS_BUILDING_PRODUCTION');

-- Scored Consistently at 46 (may depend on production yield)

INSERT INTO Modifiers(ModifierId, ModifierType, SubjectRequirementSetId) VALUES
('CITY_PATRON_GODDESS_BUILDING_PRODUCTION',          'MODIFIER_ALL_PLAYERS_ATTACH_MODIFIER',                     'PLAYER_HAS_PANTHEON_REQUIREMENTS'),
('CITY_PATRON_GODDESS_BUILDING_PRODUCTION_MODIFIER', 'MODIFIER_PLAYER_CITIES_ADJUST_BUILDING_PRODUCTION_CHANGE', 'REQ_S_AI_NO_SPECIALTY_DISTRICTS'); -- used by Industrial CSs

INSERT INTO ModifierArguments (ModifierId, Name, Value) VALUES
('CITY_PATRON_GODDESS_BUILDING_PRODUCTION',          'ModifierId', 'CITY_PATRON_GODDESS_BUILDING_PRODUCTION_MODIFIER'),
('CITY_PATRON_GODDESS_BUILDING_PRODUCTION_MODIFIER', 'Amount',     '1');

INSERT INTO RequirementSets (RequirementSetId, RequirementSetType)		VALUES ('REQ_S_AI_NO_SPECIALTY_DISTRICTS', 'REQUIREMENTSET_TEST_ALL');
INSERT INTO RequirementSetRequirements (RequirementSetId, RequirementId)	VALUES ('REQ_S_AI_NO_SPECIALTY_DISTRICTS', 'REQUIRES_CITY_FOLLOWS_PANTHEON');
INSERT INTO RequirementSetRequirements (RequirementSetId, RequirementId) VALUES ('REQ_S_AI_NO_SPECIALTY_DISTRICTS', 'PLAYER_AT_ANCIENT_ERA');
INSERT INTO RequirementSetRequirements (RequirementSetId, RequirementId) VALUES ('REQ_S_AI_NO_SPECIALTY_DISTRICTS', 'PLAYER_NOT_CLASSICAL_ERA');
INSERT INTO RequirementSetRequirements (RequirementSetId, RequirementId) VALUES ('REQ_S_AI_NO_SPECIALTY_DISTRICTS', 'REQUIRES_PLAYER_IS_AI');
INSERT INTO RequirementSetRequirements (RequirementSetId, RequirementId)	VALUES ('REQ_S_AI_NO_SPECIALTY_DISTRICTS', 'REQUIRES_CITY_HAS_0_SPECIALTY_DISTRICTS'); 






-- R_GODDESS

INSERT OR IGNORE INTO Modifiers  (ModifierId, ModifierType, SubjectRequirementSetId) VALUES		
		('RH_R_GODDESS_MOD',				'MODIFIER_PLAYER_CAPITAL_CITY_ADJUST_CITY_YIELD_CHANGE',	'RH_AI_ANCIENT_ONLY_REQ_S'),
		('RH_R_GODDESS_MOD_M',				'MODIFIER_PLAYER_CAPITAL_CITY_ADJUST_CITY_YIELD_CHANGE',	'RH_AI_ANCIENT_ONLY_REQ_S'),
		('RH_R_GODDESS_MOD_S',				'MODIFIER_PLAYER_CAPITAL_CITY_ADJUST_CITY_YIELD_CHANGE',	'RH_AI_ANCIENT_ONLY_REQ_S'),
		('RH_R_GODDESS_MOD_L',				'MODIFIER_PLAYER_CAPITAL_CITY_ADJUST_CITY_YIELD_CHANGE',	'RH_AI_ANCIENT_ONLY_REQ_S'),
		('RH_R_GODDESS_MOD_MXL',				'MODIFIER_PLAYER_CAPITAL_CITY_ADJUST_CITY_YIELD_CHANGE',	'RH_AI_ANCIENT_ONLY_REQ_S'),
		('RH_R_GODDESS_MOD_XL',				'MODIFIER_PLAYER_CAPITAL_CITY_ADJUST_CITY_YIELD_CHANGE',	'RH_AI_ANCIENT_ONLY_REQ_S');

INSERT OR IGNORE INTO ModifierArguments  (ModifierId, Name, Value) VALUES	
		('RH_R_GODDESS_MOD_XL',		'YieldType', 		'YIELD_RH_R_GODDESS'),
		('RH_R_GODDESS_MOD_XL',							'Amount'   , 600),

		('RH_R_GODDESS_MOD_MXL',		'YieldType', 	'YIELD_RH_R_GODDESS'),
		('RH_R_GODDESS_MOD_MXL',						'Amount'   , 300),

		('RH_R_GODDESS_MOD_L',		'YieldType', 		'YIELD_RH_R_GODDESS'),
		('RH_R_GODDESS_MOD_L',							'Amount'   , 100),

		('RH_R_GODDESS_MOD_S',		'YieldType', 		'YIELD_RH_R_GODDESS'),
		('RH_R_GODDESS_MOD_S',							'Amount'   , 9),  

		('RH_R_GODDESS_MOD_M',		'YieldType', 		'YIELD_RH_R_GODDESS'),
		('RH_R_GODDESS_MOD_M',							'Amount'   , 10), 

		('RH_R_GODDESS_MOD',		'YieldType', 		'YIELD_RH_R_GODDESS'),
		('RH_R_GODDESS_MOD',							'Amount'   , 3); -- pvs 1


INSERT OR IGNORE INTO BeliefModifiers (BeliefType        ,ModifierId)   VALUES
('BELIEF_RIVER_GODDESS',				'RH_R_GODDESS_MOD'); -- +2/2





-- River Goddess

INSERT INTO BeliefModifiers (BeliefType, ModifierId) VALUES
--('BELIEF_RIVER_GODDESS', 'RH_RIVER_GODDESS_FOOD'),
('BELIEF_RIVER_GODDESS', 'RH_RIVER_GODDESS_PRODUCTION');



INSERT INTO Modifiers(ModifierId, ModifierType, SubjectRequirementSetId) VALUES
('RH_RIVER_GODDESS_FOOD',          'MODIFIER_ALL_CITIES_ATTACH_MODIFIER',          'CITY_FOLLOWS_PANTHEON_REQUIREMENTS'),
('RH_RIVER_GODDESS_FOOD_MODIFIER', 'MODIFIER_CITY_PLOT_YIELDS_ADJUST_PLOT_YIELD', 'REQUIREMENTS_RH_RIVER_GODDESS'),

('RH_RIVER_GODDESS_PRODUCTION',          'MODIFIER_ALL_CITIES_ATTACH_MODIFIER',          'CITY_FOLLOWS_PANTHEON_REQUIREMENTS'),
('RH_RIVER_GODDESS_PRODUCTION_MODIFIER', 'MODIFIER_CITY_PLOT_YIELDS_ADJUST_PLOT_YIELD', 'REQUIREMENTS_RH_RIVER_GODDESS');


INSERT INTO ModifierArguments (ModifierId, Name, Value) VALUES
('RH_RIVER_GODDESS_FOOD', 'ModifierId', 'RH_RIVER_GODDESS_FOOD_MODIFIER'),
('RH_RIVER_GODDESS_FOOD_MODIFIER', 'YieldType', 'YIELD_FAITH'),
('RH_RIVER_GODDESS_FOOD_MODIFIER', 'Amount',    '1'), 


('RH_RIVER_GODDESS_PRODUCTION', 'ModifierId', 'RH_RIVER_GODDESS_PRODUCTION_MODIFIER'),
('RH_RIVER_GODDESS_PRODUCTION_MODIFIER', 'YieldType', 'YIELD_RH_R_GODDESS'),
('RH_RIVER_GODDESS_PRODUCTION_MODIFIER', 'Amount',    '3');



-- Requirement: plot has a resource with a specific tag
INSERT INTO RequirementSets (RequirementSetId, RequirementSetType)		 VALUES ('REQUIREMENTS_RH_RIVER_GODDESS', 'REQUIREMENTSET_TEST_ALL');
INSERT INTO RequirementSetRequirements (RequirementSetId, RequirementId) VALUES ('REQUIREMENTS_RH_RIVER_GODDESS', 'PLAYER_AT_ANCIENT_ERA');
INSERT INTO RequirementSetRequirements (RequirementSetId, RequirementId) VALUES ('REQUIREMENTS_RH_RIVER_GODDESS', 'PLAYER_NOT_CLASSICAL_ERA');
INSERT INTO RequirementSetRequirements (RequirementSetId, RequirementId) VALUES ('REQUIREMENTS_RH_RIVER_GODDESS', 'REQUIRES_RH_HAS_CIVIC_DEFENSE');


--INSERT INTO RequirementSetRequirements (RequirementSetId, RequirementId) VALUES ('REQUIREMENTS_RH_RIVER_GODDESS', 'REQUIRES_PLOT_HAS_NO_IMPROVEMENT');
INSERT INTO RequirementSetRequirements (RequirementSetId, RequirementId) VALUES ('REQUIREMENTS_RH_RIVER_GODDESS', 'REQUIRES_PLAYER_IS_AI');
INSERT INTO RequirementSetRequirements (RequirementSetId, RequirementId) VALUES ('REQUIREMENTS_RH_RIVER_GODDESS', 'REQUIRES_PLOT_ADJACENT_TO_RIVER');




--  RunOnce,  0,


/*
INSERT INTO Modifiers(ModifierId, ModifierType, SubjectRequirementSetId) VALUES
('RH_AI_RIV_GODDESS_MOD_ATTACHMENT',          'MODIFIER_ALL_CITIES_ATTACH_MODIFIER',          'CITY_FOLLOWS_PANTHEON_REQUIREMENTS');


INSERT OR IGNORE INTO Modifiers  (ModifierId, ModifierType, SubjectRequirementSetId, Permanent) VALUES		
		('RH_AI_RIV_GODDESS_MOD',					'MODIFIER_PLAYER_DISTRICTS_ADJUST_YIELD_CHANGE',	'RH_RIVER_GODDESS_HOLY_SITE_REQ_S', 1); 


INSERT INTO ModifierArguments (ModifierId, Name, Value) VALUES
('RH_AI_RIV_GODDESS_MOD_ATTACHMENT', 'ModifierId', 'RH_AI_RIV_GODDESS_MOD'),
('RH_AI_RIV_GODDESS_MOD',					'Amount',		 75),
('RH_AI_RIV_GODDESS_MOD',					'YieldType', 'YIELD_RH_PLACEMENT');


INSERT OR IGNORE INTO RequirementSets (RequirementSetId, RequirementSetType) VALUES
		('RH_RIVER_GODDESS_HOLY_SITE_REQ_S', 'REQUIREMENTSET_TEST_ALL');

INSERT OR IGNORE INTO RequirementSetRequirements  (RequirementSetId, RequirementId) VALUES	
		('RH_RIVER_GODDESS_HOLY_SITE_REQ_S', 'REQUIRES_PLOT_ADJACENT_TO_RIVER'),
		('RH_RIVER_GODDESS_HOLY_SITE_REQ_S', 'REQUIRES_DISTRICT_IS_HOLY_SITE'),

		('RH_RIVER_GODDESS_HOLY_SITE_REQ_S', 'REQUIRES_PLAYER_IS_AI');



INSERT OR IGNORE INTO BeliefModifiers (BeliefType        ,ModifierId)   VALUES
('BELIEF_RIVER_GODDESS',				'RH_AI_RIV_GODDESS_MOD_ATTACHMENT'); 

*/