


-- Req Insertion

INSERT INTO RequirementSets (RequirementSetId, RequirementSetType)		 VALUES ('RH_AI_PANTHEON_NEG_REW_S', 'REQUIREMENTSET_TEST_ALL');
INSERT INTO RequirementSetRequirements (RequirementSetId, RequirementId) VALUES ('RH_AI_PANTHEON_NEG_REW_S', 'RH_PLAYER_AT_ANCIENT_ERA');
--INSERT INTO RequirementSetRequirements (RequirementSetId, RequirementId) VALUES ('RH_AI_PANTHEON_NEG_REW_S', 'RH_PLAYER_NOT_MEDIEVAL_ERA');
INSERT INTO RequirementSetRequirements (RequirementSetId, RequirementId) VALUES ('RH_AI_PANTHEON_NEG_REW_S', 'REQUIRES_RH_HAS_CIVIC_DEFENSE');

INSERT INTO RequirementSetRequirements (RequirementSetId, RequirementId) VALUES ('RH_AI_PANTHEON_NEG_REW_S', 'REQUIRES_CITY_FOLLOWS_PANTHEON');

INSERT INTO RequirementSetRequirements (RequirementSetId, RequirementId) VALUES ('RH_AI_PANTHEON_NEG_REW_S', 'REQUIRES_PLAYER_IS_AI');

-- DANCE_OF_THE_AURORA

INSERT INTO BeliefModifiers (BeliefType, ModifierId) VALUES
('BELIEF_DANCE_OF_THE_AURORA',  'RH_TUNDRA_NEG_FLAT'),
('BELIEF_DANCE_OF_THE_AURORA',  'RH_TUNDRA_NEG_HILLS');

INSERT OR IGNORE INTO Modifiers  (ModifierId, ModifierType, SubjectRequirementSetId) VALUES		
		('RH_TUNDRA_NEG_FLAT',				'MODIFIER_ALL_CITIES_TERRAIN_ADJACENCY',	'RH_AI_PANTHEON_NEG_REW_S'),
		('RH_TUNDRA_NEG_HILLS',				'MODIFIER_ALL_CITIES_TERRAIN_ADJACENCY',	'RH_AI_PANTHEON_NEG_REW_S');

INSERT OR IGNORE INTO ModifierArguments  (ModifierId, Name, Value) VALUES

		('RH_TUNDRA_NEG_FLAT',		'DistrictType'   , 'DISTRICT_HOLY_SITE'),
		('RH_TUNDRA_NEG_FLAT',		'TerrainType'   , 'TERRAIN_TUNDRA'),
		('RH_TUNDRA_NEG_FLAT',		'YieldType'   , 'YIELD_FAITH'),
		('RH_TUNDRA_NEG_FLAT',		'Amount'   , -1),

		('RH_TUNDRA_NEG_HILLS',		'DistrictType'   , 'DISTRICT_HOLY_SITE'),
		('RH_TUNDRA_NEG_HILLS',		'TerrainType'   , 'TERRAIN_TUNDRA_HILLS'),
		('RH_TUNDRA_NEG_HILLS',		'YieldType'   , 'YIELD_FAITH'),
		('RH_TUNDRA_NEG_HILLS',		'Amount'   , -1);


-- CITY_FOLLOWS_PANTHEON_DISABLED Req Set

INSERT INTO RequirementSets (RequirementSetId, RequirementSetType) VALUES
('CITY_FOLLOWS_PANTHEON_DISABLED_REQ_S', 'REQUIREMENTSET_TEST_ANY');

INSERT INTO RequirementSetRequirements (RequirementSetId, RequirementId) VALUES
('CITY_FOLLOWS_PANTHEON_DISABLED_REQ_S', 'REQUIRES_PLAYER_IS_AI'),
('CITY_FOLLOWS_PANTHEON_DISABLED_REQ_S', 'REQUIRES_CITY_FOLLOWS_PANTHEON'),
('CITY_FOLLOWS_PANTHEON_DISABLED_REQ_S', 'RH_PLAYER_AT_ANCIENT_ERA'),
('CITY_FOLLOWS_PANTHEON_DISABLED_REQ_S', 'REQUIRES_RH_HAS_CIVIC_DEFENSE');


-- Reinsertion

INSERT INTO BeliefModifiers (BeliefType, ModifierId) VALUES
('BELIEF_DANCE_OF_THE_AURORA', 'DANCE_OF_THE_AURORA_TUNDRA_FAITH');

INSERT INTO Modifiers(ModifierId, ModifierType, SubjectRequirementSetId) VALUES
('DANCE_OF_THE_AURORA_TUNDRA_FAITH',          'MODIFIER_ALL_CITIES_ATTACH_MODIFIER',         'CITY_FOLLOWS_PANTHEON_REQUIREMENTS'),
('DANCE_OF_THE_AURORA_TUNDRA_FAITH_MODIFIER', 'MODIFIER_CITY_PLOT_YIELDS_ADJUST_PLOT_YIELD', 'REQUIREMENTS_RH_DANCE_OF_THE_AURORA_TUNDRA_REQ_S');

INSERT INTO ModifierArguments (ModifierId, Name, Value) VALUES
('DANCE_OF_THE_AURORA_TUNDRA_FAITH',          'ModifierId', 'DANCE_OF_THE_AURORA_TUNDRA_FAITH_MODIFIER'),
('DANCE_OF_THE_AURORA_TUNDRA_FAITH_MODIFIER', 'YieldType',  'YIELD_RH_FAITH'),
('DANCE_OF_THE_AURORA_TUNDRA_FAITH_MODIFIER', 'Amount',     '20');

INSERT INTO RequirementSets (RequirementSetId, RequirementSetType) VALUES
('REQUIREMENTS_RH_DANCE_OF_THE_AURORA_TUNDRA_REQ_S', 'REQUIREMENTSET_TEST_ANY');

INSERT INTO RequirementSetRequirements (RequirementSetId, RequirementId) VALUES
('REQUIREMENTS_RH_DANCE_OF_THE_AURORA_TUNDRA_REQ_S', 'REQUIRES_PLOT_HAS_TUNDRA'),
('REQUIREMENTS_RH_DANCE_OF_THE_AURORA_TUNDRA_REQ_S', 'REQUIRES_PLOT_HAS_TUNDRA_HILLS');


-- Req Set 2






/*
		<Row>
			<ModifierId>DANCE_OF_THE_AURORA_FAITHTUNDRAADJACENCY</ModifierId>
			<ModifierType>MODIFIER_ALL_CITIES_TERRAIN_ADJACENCY</ModifierType>
			<SubjectRequirementSetId>CITY_FOLLOWS_PANTHEON_REQUIREMENTS</SubjectRequirementSetId>
		</Row>


	<ModifierArguments>
		<Row>
			<ModifierId>DANCE_OF_THE_AURORA_FAITHTUNDRAADJACENCY</ModifierId>
			<Name>DistrictType</Name>
			<Value>DISTRICT_HOLY_SITE</Value>
		</Row>
		<Row>
			<ModifierId>DANCE_OF_THE_AURORA_FAITHTUNDRAADJACENCY</ModifierId>
			<Name>TerrainType</Name>
			<Value>TERRAIN_TUNDRA</Value>
		</Row>
		<Row>
			<ModifierId>DANCE_OF_THE_AURORA_FAITHTUNDRAADJACENCY</ModifierId>
			<Name>YieldType</Name>
			<Value>YIELD_FAITH</Value>
		</Row>
		<Row>
			<ModifierId>DANCE_OF_THE_AURORA_FAITHTUNDRAADJACENCY</ModifierId>
			<Name>Amount</Name>
			<Value>1</Value>
		</Row>

*/


-- BELIEF_DESERT_FOLKLORE



INSERT INTO BeliefModifiers (BeliefType, ModifierId) VALUES
('BELIEF_DESERT_FOLKLORE',  'RH_DESERT_NEG_FLAT'),
('BELIEF_DESERT_FOLKLORE',  'RH_DESERT_NEG_HILLS');

INSERT OR IGNORE INTO Modifiers  (ModifierId, ModifierType, SubjectRequirementSetId) VALUES		
		('RH_DESERT_NEG_FLAT',				'MODIFIER_ALL_CITIES_TERRAIN_ADJACENCY',	'RH_AI_PANTHEON_NEG_REW_S'),
		('RH_DESERT_NEG_HILLS',				'MODIFIER_ALL_CITIES_TERRAIN_ADJACENCY',	'RH_AI_PANTHEON_NEG_REW_S');

INSERT OR IGNORE INTO ModifierArguments  (ModifierId, Name, Value) VALUES

		('RH_DESERT_NEG_FLAT',		'DistrictType'   , 'DISTRICT_HOLY_SITE'),
		('RH_DESERT_NEG_FLAT',		'TerrainType'   , 'TERRAIN_DESERT'),
		('RH_DESERT_NEG_FLAT',		'YieldType'   , 'YIELD_FAITH'),
		('RH_DESERT_NEG_FLAT',		'Amount'   , -1),

		('RH_DESERT_NEG_HILLS',		'DistrictType'   , 'DISTRICT_HOLY_SITE'),
		('RH_DESERT_NEG_HILLS',		'TerrainType'   , 'TERRAIN_DESERT_HILLS'),
		('RH_DESERT_NEG_HILLS',		'YieldType'   , 'YIELD_FAITH'),
		('RH_DESERT_NEG_HILLS',		'Amount'   , -1);


-- Reinsertion

INSERT INTO BeliefModifiers (BeliefType, ModifierId) VALUES
('BELIEF_DESERT_FOLKLORE', 'RH_DESERT_FOLKLORE_DESERT_FAITH');

INSERT INTO Modifiers(ModifierId, ModifierType, SubjectRequirementSetId) VALUES
('RH_DESERT_FOLKLORE_DESERT_FAITH',          'MODIFIER_ALL_CITIES_ATTACH_MODIFIER',         'CITY_FOLLOWS_PANTHEON_REQUIREMENTS'),
('RH_DESERT_FOLKLORE_DESERT_FAITH_MODIFIER', 'MODIFIER_CITY_PLOT_YIELDS_ADJUST_PLOT_YIELD', 'REQUIREMENTS_RH_DESERT_FOLKLORE_TILES_REQ_S');

INSERT INTO ModifierArguments (ModifierId, Name, Value) VALUES
('RH_DESERT_FOLKLORE_DESERT_FAITH',          'ModifierId', 'RH_DESERT_FOLKLORE_DESERT_FAITH_MODIFIER'),
('RH_DESERT_FOLKLORE_DESERT_FAITH_MODIFIER', 'YieldType',  'YIELD_RH_FAITH'),
('RH_DESERT_FOLKLORE_DESERT_FAITH_MODIFIER', 'Amount',     '20');

INSERT INTO RequirementSets (RequirementSetId, RequirementSetType) VALUES
('REQUIREMENTS_RH_DESERT_FOLKLORE_TILES_REQ_S', 'REQUIREMENTSET_TEST_ANY');

INSERT INTO RequirementSetRequirements (RequirementSetId, RequirementId) VALUES
('REQUIREMENTS_RH_DESERT_FOLKLORE_TILES_REQ_S', 'REQUIRES_PLOT_HAS_DESERT'),
('REQUIREMENTS_RH_DESERT_FOLKLORE_TILES_REQ_S', 'REQUIRES_PLOT_HAS_DESERT_HILLS');




--('REQUIREMENTS_RH_DESERT_FOLKLORE_TILES_REQ_S', 'RH_PLAYER_AT_ANCIENT_ERA'),
--('REQUIREMENTS_RH_DESERT_FOLKLORE_TILES_REQ_S', 'REQUIRES_RH_HAS_CIVIC_DEFENSE');


-- BELIEF_SACRED_PATH



INSERT INTO BeliefModifiers (BeliefType, ModifierId) VALUES
('BELIEF_SACRED_PATH',  'RH_JUNGLE_NEG_FEATURES');

INSERT OR IGNORE INTO Modifiers  (ModifierId, ModifierType, SubjectRequirementSetId) VALUES		
		('RH_JUNGLE_NEG_FEATURES',				'MODIFIER_ALL_CITIES_FEATURE_ADJACENCY',	'RH_AI_PANTHEON_NEG_REW_S');

INSERT OR IGNORE INTO ModifierArguments  (ModifierId, Name, Value) VALUES

		('RH_JUNGLE_NEG_FEATURES',		'DistrictType'   , 'DISTRICT_HOLY_SITE'),
		('RH_JUNGLE_NEG_FEATURES',		'FeatureType'  	 , 'FEATURE_JUNGLE'),
		('RH_JUNGLE_NEG_FEATURES',		'YieldType'  	 , 'YIELD_FAITH'),
		('RH_JUNGLE_NEG_FEATURES',		'Amount'   		, -1);


-- Reinsertion


INSERT INTO BeliefModifiers (BeliefType, ModifierId) VALUES
('BELIEF_SACRED_PATH', 'SACRED_PATH_JUNGLE_FAITH');

INSERT INTO Modifiers(ModifierId, ModifierType, SubjectRequirementSetId) VALUES
('SACRED_PATH_JUNGLE_FAITH',          'MODIFIER_ALL_CITIES_ATTACH_MODIFIER',         'CITY_FOLLOWS_PANTHEON_REQUIREMENTS'),
('SACRED_PATH_JUNGLE_FAITH_MODIFIER', 'MODIFIER_CITY_PLOT_YIELDS_ADJUST_PLOT_YIELD', 'REQUIREMENTS_SACRED_PATH_FEATURES_REQ_S'); 

INSERT INTO ModifierArguments (ModifierId, Name, Value) VALUES
('SACRED_PATH_JUNGLE_FAITH',          'ModifierId', 'SACRED_PATH_JUNGLE_FAITH_MODIFIER'),
('SACRED_PATH_JUNGLE_FAITH_MODIFIER', 'YieldType',  'YIELD_RH_FAITH'),
('SACRED_PATH_JUNGLE_FAITH_MODIFIER', 'Amount',     '5');

INSERT INTO RequirementSets (RequirementSetId, RequirementSetType) VALUES
('REQUIREMENTS_SACRED_PATH_FEATURES_REQ_S', 'REQUIREMENTSET_TEST_ALL');

INSERT INTO RequirementSetRequirements (RequirementSetId, RequirementId) VALUES
('REQUIREMENTS_SACRED_PATH_FEATURES_REQ_S', 'REQUIRES_PLOT_HAS_JUNGLE'), 
('REQUIREMENTS_SACRED_PATH_FEATURES_REQ_S', 'REQUIRES_PLOT_HAS_NO_IMPROVEMENT');
--('REQUIREMENTS_SACRED_PATH_FEATURES_REQ_S', 'RH_PLAYER_AT_ANCIENT_ERA'),
--('REQUIREMENTS_SACRED_PATH_FEATURES_REQ_S', 'REQUIRES_RH_HAS_CIVIC_DEFENSE');


