
-- RH YIELDS 5
-- Author: RomanHoliday
-- DateCreated: 1/19/2024 22:36:04 PM
-- Copyright 2024,© RomanHoliday, All rights reserved

-- Ancient


-- Doesn't work but leaving
INSERT OR IGNORE INTO RequirementSets (RequirementSetId, RequirementSetType) VALUES
		('RH_NO_PANTHEON_REQ_S', 'REQUIREMENTSET_TEST_ALL');

INSERT OR IGNORE INTO RequirementSetRequirements  (RequirementSetId, RequirementId) VALUES	
		('RH_NO_PANTHEON_REQ_S', 'RH_NO_PANTHEON'),
		('RH_NO_PANTHEON_REQ_S', 'REQUIRES_PLAYER_IS_AI');

INSERT INTO Requirements     (RequirementId, 			RequirementType,					Inverse) VALUES	
('RH_NO_PANTHEON',						'REQUIRES_CITY_FOLLOWS_PANTHEON',		1);




INSERT OR IGNORE INTO Modifiers   (ModifierId, ModifierType, SubjectRequirementSetId) VALUES	
		('ENC_POLICY_EARLY_ENC_FAITH',	'MODIFIER_PLAYER_CAPITAL_CITY_ADJUST_CITY_YIELD_CHANGE',	'RH_NO_PANTHEON_REQ_S'),
		('ENC_POLICY_EARLY_ENC_BARBS',	'MODIFIER_PLAYER_CAPITAL_CITY_ADJUST_CITY_YIELD_CHANGE',	'RH_NO_PANTHEON_REQ_S'),
		
		('RH_ANCIENT_MOD_XL',	'MODIFIER_PLAYER_CAPITAL_CITY_ADJUST_CITY_YIELD_CHANGE',	'RH_NO_PANTHEON_REQ_S'),		
		('RH_ANCIENT_MOD_MXL',	'MODIFIER_PLAYER_CAPITAL_CITY_ADJUST_CITY_YIELD_CHANGE',	'RH_NO_PANTHEON_REQ_S'),
		('RH_ANCIENT_MOD_ML',	'MODIFIER_PLAYER_CAPITAL_CITY_ADJUST_CITY_YIELD_CHANGE',	'RH_NO_PANTHEON_REQ_S'),		
		
		
		('RH_ANCIENT_MOD_L',	'MODIFIER_PLAYER_CAPITAL_CITY_ADJUST_CITY_YIELD_CHANGE',	'RH_NO_PANTHEON_REQ_S'),
		('RH_ANCIENT_MOD_XS',	'MODIFIER_PLAYER_CAPITAL_CITY_ADJUST_CITY_YIELD_CHANGE',	'RH_NO_PANTHEON_REQ_S'),
		('RH_ANCIENT_MOD_XXS',	'MODIFIER_PLAYER_CAPITAL_CITY_ADJUST_CITY_YIELD_CHANGE',	'RH_NO_PANTHEON_REQ_S'),		

		('RH_ANCIENT_MOD_MINUS',	'MODIFIER_PLAYER_CAPITAL_CITY_ADJUST_CITY_YIELD_CHANGE',	'RH_NO_PANTHEON_REQ_S'),
		
		('RH_ANCIENT_MOD_MS',	'MODIFIER_PLAYER_CAPITAL_CITY_ADJUST_CITY_YIELD_CHANGE',	'RH_NO_PANTHEON_REQ_S'),	
		
		('RH_ANCIENT_MOD_S',	'MODIFIER_PLAYER_CAPITAL_CITY_ADJUST_CITY_YIELD_CHANGE',	'RH_NO_PANTHEON_REQ_S');		
		

INSERT OR IGNORE INTO ModifierArguments  (ModifierId, Name, Value) VALUES	
		('ENC_POLICY_EARLY_ENC_FAITH',	'YieldType'    , 'YIELD_RH_ANCIENT'),
		('ENC_POLICY_EARLY_ENC_FAITH',	'Amount'       , 6), -- pvs 10, 7
		('ENC_POLICY_EARLY_ENC_BARBS',	'YieldType'    , 'YIELD_RH_ANCIENT'),
		('ENC_POLICY_EARLY_ENC_BARBS',	'Amount'       , 9), -- pvs 4, 6, 12

		('RH_ANCIENT_MOD_XL',		'YieldType', 		'YIELD_RH_ANCIENT'),
		('RH_ANCIENT_MOD_XL',							'Amount'   , 500),

		('RH_ANCIENT_MOD_MXL',		'YieldType', 		'YIELD_RH_ANCIENT'),
		('RH_ANCIENT_MOD_MXL',							'Amount'   , 220), -- pvs 150

		('RH_ANCIENT_MOD_ML',		'YieldType', 		'YIELD_RH_ANCIENT'),
		('RH_ANCIENT_MOD_ML',							'Amount'   , 150),

		('RH_ANCIENT_MOD_L',		'YieldType', 		'YIELD_RH_ANCIENT'),
		('RH_ANCIENT_MOD_L',							'Amount'   , 80), -- pvs 65, 75

		('RH_ANCIENT_MOD_XS',		'YieldType', 		'YIELD_RH_ANCIENT'),
		('RH_ANCIENT_MOD_XS',							'Amount'   , 10),

		('RH_ANCIENT_MOD_XXS',		'YieldType', 		'YIELD_RH_ANCIENT'), -- For Survey Card, has -100 yield
		('RH_ANCIENT_MOD_XXS',							'Amount'   , 4),

		('RH_ANCIENT_MOD_MINUS',		'YieldType', 		'YIELD_RH_ANCIENT'), -- Shipbuilding
		('RH_ANCIENT_MOD_MINUS',							'Amount'   , -500), -- pvs -150, -250

		('RH_ANCIENT_MOD_MS',		'YieldType', 		'YIELD_RH_ANCIENT'),
		('RH_ANCIENT_MOD_MS',							'Amount'   , 40), 

		('RH_ANCIENT_MOD_S',		'YieldType', 		'YIELD_RH_ANCIENT'),
		('RH_ANCIENT_MOD_S',							'Amount'   , 50); -- pvs 18, 40


INSERT OR IGNORE INTO DistrictModifiers (DistrictType, ModifierId) VALUES
('DISTRICT_HOLY_SITE',			 'RH_ANCIENT_MOD_MXL'),
('DISTRICT_LAVRA',				 'RH_ANCIENT_MOD_MXL'),
('DISTRICT_SEOWON',				 'RH_ANCIENT_MOD_MXL'),

('DISTRICT_CAMPUS',				 'RH_ANCIENT_MOD_ML'),
('DISTRICT_ENCAMPMENT',			 'RH_ANCIENT_MOD_MS');


INSERT INTO BuildingModifiers (BuildingType, ModifierId) VALUES
('BUILDING_SHRINE', 		'RH_ANCIENT_MOD_MXL'),
('BUILDING_LIBRARY', 		'RH_ANCIENT_MOD_S'),

('BUILDING_WATER_MILL', 		'RH_ANCIENT_MOD_MINUS'),
('BUILDING_GRANARY', 		'RH_ANCIENT_MOD_MINUS');



INSERT OR IGNORE INTO PolicyModifiers  (PolicyType, ModifierId)  VALUES	
	--('POLICY_SURVEY',      		  					'RH_ANCIENT_MOD_XXS'),

	('POLICY_GOD_KING',      		  					'ENC_POLICY_EARLY_ENC_FAITH'),
	('POLICY_DISCIPLINE',      		  					'ENC_POLICY_EARLY_ENC_BARBS');

INSERT OR IGNORE INTO PolicyModifiers  (PolicyType, ModifierId)  VALUES	
	('POLICY_AGOGE',      		  					'RH_ANCIENT_MOD_MXL'); -- pvs 10


INSERT INTO CivicModifiers (CivicType, ModifierId) VALUES

('CIVIC_EARLY_EMPIRE', 			'RH_ANCIENT_MOD_S'), --50% Settle very Useful

('CIVIC_CRAFTSMANSHIP', 		'RH_ANCIENT_MOD_S'); -- For Agoge, 30% Builders


INSERT OR IGNORE INTO TechnologyModifiers (TechnologyType, ModifierId)  VALUES
			('TECH_ASTROLOGY', 					'RH_ANCIENT_MOD_L'), -- pvs 50, 40
			('TECH_IRRIGATION', 				'RH_ANCIENT_MOD_S'),
			('TECH_WRITING', 					'RH_ANCIENT_MOD_MXL'),
			
			('TECH_POTTERY', 					'RH_ANCIENT_MOD_MS'),			
			
			('TECH_MINING', 					'RH_ANCIENT_MOD_MXL'),
			
			('TECH_BRONZE_WORKING', 			'RH_ANCIENT_MOD_MS'),
				
			('TECH_ARCHERY', 					'RH_ANCIENT_MOD_XL'),		
			
			('TECH_ANIMAL_HUSBANDRY', 			'RH_ANCIENT_MOD_MXL');

-- Later

	--		('TECH_CURRENCY', 					'RH_ANCIENT_MOD_XS'),
	--		('TECH_CELESTIAL_NAVIGATION', 		'RH_ANCIENT_MOD_XS');		

-- Todo based on resources around



INSERT OR IGNORE INTO TechnologyModifiers (TechnologyType, ModifierId)  VALUES

			('TECH_CURRENCY', 						'RH_ANCIENT_MOD_MINUS'),
			('TECH_ENGINEERING', 					'RH_ANCIENT_MOD_MINUS'),			
			
			('TECH_SHIPBUILDING', 					'RH_ANCIENT_MOD_MINUS');




-- End of Tech Tree



INSERT OR IGNORE INTO Modifiers  (ModifierId, ModifierType, SubjectRequirementSetId) VALUES		
		('RH_END_OF_TECH_MOD_NEGATIVE',				'MODIFIER_PLAYER_CITIES_ADJUST_CITY_ALL_YIELDS_CHANGE',	'RH_AI_ANCIENT_ONLY_REQ_S'),
		('RH_END_OF_TECH_MOD_NEGATIVE2',				'MODIFIER_PLAYER_CITIES_ADJUST_CITY_YIELD_CHANGE',	'RH_AI_ANCIENT_ONLY_REQ_S'),		
		
		('RH_END_OF_TECH_MOD_NEGATIVE_S',				'MODIFIER_PLAYER_CAPITAL_CITY_ADJUST_CITY_YIELD_CHANGE',	'RH_AI_ANCIENT_ONLY_REQ_S'),
		('RH_END_OF_TECH_MOD_NEGATIVE_XS',				'MODIFIER_PLAYER_CAPITAL_CITY_ADJUST_CITY_YIELD_CHANGE',	'RH_AI_ANCIENT_ONLY_REQ_S'),
		('RH_END_OF_TECH_MOD_NEGATIVE_XXS',				'MODIFIER_PLAYER_CAPITAL_CITY_ADJUST_CITY_YIELD_CHANGE',	'RH_AI_ANCIENT_ONLY_REQ_S'),		
		
		('RH_END_OF_TECH_MOD_S',				'MODIFIER_PLAYER_CAPITAL_CITY_ADJUST_CITY_YIELD_CHANGE',	'RH_AI_ANCIENT_ONLY_REQ_S'),
		('RH_END_OF_TECH_MOD_SM',				'MODIFIER_PLAYER_CAPITAL_CITY_ADJUST_CITY_YIELD_CHANGE',	'RH_AI_ANCIENT_ONLY_REQ_S'),		
		
		('RH_END_OF_TECH_MOD_M',				'MODIFIER_PLAYER_CAPITAL_CITY_ADJUST_CITY_YIELD_CHANGE',	'RH_AI_ANCIENT_ONLY_REQ_S'),

		('RH_END_OF_TECH_MOD_ML',				'MODIFIER_PLAYER_CAPITAL_CITY_ADJUST_CITY_YIELD_CHANGE',	'RH_AI_ANCIENT_ONLY_REQ_S'),	
		('RH_END_OF_TECH_MOD_MML',				'MODIFIER_PLAYER_CAPITAL_CITY_ADJUST_CITY_YIELD_CHANGE',	'RH_AI_ANCIENT_ONLY_REQ_S'),	
		('RH_END_OF_TECH_MOD_L_POP',				'MODIFIER_SINGLE_CITY_ADJUST_CITY_YIELD_PER_POPULATION',	'RH_AI_ANCIENT_ONLY_REQ_S'),
		
		('RH_END_OF_TECH_MOD_L',				'MODIFIER_PLAYER_CAPITAL_CITY_ADJUST_CITY_YIELD_CHANGE',	'RH_AI_ANCIENT_ONLY_REQ_S'),
		('RH_END_OF_TECH_MOD_XS',				'MODIFIER_PLAYER_CAPITAL_CITY_ADJUST_CITY_YIELD_CHANGE',	'RH_AI_ANCIENT_ONLY_REQ_S'),
		('RH_END_OF_TECH_MOD_XXS',				'MODIFIER_PLAYER_CAPITAL_CITY_ADJUST_CITY_YIELD_CHANGE',	'RH_AI_ANCIENT_ONLY_REQ_S'),	
		('RH_END_OF_TECH_MOD_XXXS',				'MODIFIER_PLAYER_CAPITAL_CITY_ADJUST_CITY_YIELD_CHANGE',	'RH_AI_ANCIENT_ONLY_REQ_S'),	
		('RH_END_OF_TECH_MOD_XXXS_IMP',				'MODIFIER_PLAYER_CAPITAL_CITY_ADJUST_CITY_YIELD_CHANGE',	'RH_AI_ANCIENT_ONLY_REQ_S'),			
		
		('RH_END_OF_TECH_MOD_XL',				'MODIFIER_PLAYER_CAPITAL_CITY_ADJUST_CITY_YIELD_CHANGE',	'RH_AI_ANCIENT_ONLY_REQ_S');

INSERT OR IGNORE INTO ModifierArguments  (ModifierId, Name, Value) VALUES	
		('RH_END_OF_TECH_MOD_XL',		'YieldType', 		'YIELD_RH_END_OF_TECH'),
		('RH_END_OF_TECH_MOD_XL',							'Amount'   , 9500),

		('RH_END_OF_TECH_MOD_L',		'YieldType', 		'YIELD_RH_END_OF_TECH'),
		('RH_END_OF_TECH_MOD_L',							'Amount'   , 800), -- pvs 750

		('RH_END_OF_TECH_MOD_L_POP',		'YieldType', 		'YIELD_RH_END_OF_TECH'),
		('RH_END_OF_TECH_MOD_L_POP',		'Amount',				 70),

		('RH_END_OF_TECH_MOD_ML',		'YieldType', 		'YIELD_RH_END_OF_TECH'),
		('RH_END_OF_TECH_MOD_ML',							'Amount'   , 700),

		('RH_END_OF_TECH_MOD_MML',		'YieldType', 		'YIELD_RH_END_OF_TECH'),
		('RH_END_OF_TECH_MOD_MML',							'Amount'   , 550),

		('RH_END_OF_TECH_MOD_XS',		'YieldType', 		'YIELD_RH_END_OF_TECH'),
		('RH_END_OF_TECH_MOD_XS',							'Amount'   , 30),

		('RH_END_OF_TECH_MOD_XXS',		'YieldType', 		'YIELD_RH_END_OF_TECH'),
		('RH_END_OF_TECH_MOD_XXS',							'Amount'   , 16),

		('RH_END_OF_TECH_MOD_XXXS',		'YieldType', 		'YIELD_RH_END_OF_TECH'),
		('RH_END_OF_TECH_MOD_XXXS',							'Amount'   , 3), -- pvs 3, 1, 2

		('RH_END_OF_TECH_MOD_XXXS_IMP',		'YieldType', 		'YIELD_RH_END_OF_TECH'),
		('RH_END_OF_TECH_MOD_XXXS_IMP',							'Amount'   , 1), -- pvs 3

		('RH_END_OF_TECH_MOD_S',		'YieldType', 		'YIELD_RH_END_OF_TECH'),
		('RH_END_OF_TECH_MOD_S',							'Amount'   , 50),

		('RH_END_OF_TECH_MOD_SM',		'YieldType', 		'YIELD_RH_END_OF_TECH'),
		('RH_END_OF_TECH_MOD_SM',							'Amount'   , 115), -- pvs 90

		('RH_END_OF_TECH_MOD_M',		'YieldType', 		'YIELD_RH_END_OF_TECH'),
		('RH_END_OF_TECH_MOD_M',							'Amount'   , 200),



		('RH_END_OF_TECH_MOD_NEGATIVE_XS',		'YieldType', 	'YIELD_RH_END_OF_TECH'),
		('RH_END_OF_TECH_MOD_NEGATIVE_XS',						'Amount'   , -100),

		('RH_END_OF_TECH_MOD_NEGATIVE_S',		'YieldType', 	'YIELD_RH_END_OF_TECH'),
		('RH_END_OF_TECH_MOD_NEGATIVE_S',						'Amount'   , -250), -- pvs -120


		('RH_END_OF_TECH_MOD_NEGATIVE2',		'YieldType', 	'YIELD_RH_END_OF_TECH'),
		('RH_END_OF_TECH_MOD_NEGATIVE2',						'Amount'   , -950),

	--	('RH_END_OF_TECH_MOD_NEGATIVE',		'YieldType', 	'YIELD_RH_END_OF_TECH'),
		('RH_END_OF_TECH_MOD_NEGATIVE',						'Amount'   , -99); -- pvs 2500


INSERT OR IGNORE INTO ModifierArguments  (ModifierId, Name, Value) VALUES	
		('RH_END_OF_TECH_MOD_NEGATIVE_XXS',					'YieldType', 	'YIELD_RH_END_OF_TECH');

INSERT OR IGNORE INTO	ModifierArguments	(ModifierId,			Name,			Value,				 Type) VALUES			
		('RH_END_OF_TECH_MOD_NEGATIVE_XXS',					'Amount',		-14, 			'ScaleByGameSpeed'); -- pvs -20, -16
			

-- Project Game Speed Test

INSERT OR IGNORE INTO ProjectCompletionModifiers    (ProjectType, ModifierId)
SELECT ProjectType, 'RH_END_OF_TECH_MOD_NEGATIVE_XXS' 
FROM Projects;

--INSERT OR IGNORE INTO ProjectModifiers (ProjectType,			ModifierId)
--SELECT ProjectType, 'RH_END_OF_TECH_MOD_NEGATIVE_XXS'
--WHERE EXISTS (SELECT * FROM Projects); 




INSERT OR IGNORE INTO GovernmentModifiers (GovernmentType, ModifierId)  VALUES	

			('GOVERNMENT_CHIEFDOM', 						'RH_END_OF_TECH_MOD_NEGATIVE'),
			('GOVERNMENT_AUTOCRACY', 						'RH_END_OF_TECH_MOD_NEGATIVE');


INSERT OR IGNORE INTO GovernmentModifiers (GovernmentType, ModifierId)  VALUES	

			('GOVERNMENT_CHIEFDOM', 						'RH_END_OF_TECH_MOD_NEGATIVE2'),
			('GOVERNMENT_AUTOCRACY', 						'RH_END_OF_TECH_MOD_NEGATIVE2');


INSERT OR IGNORE INTO BuildingModifiers (BuildingType, ModifierId) VALUES

('BUILDING_STONEHENGE',		 'RH_END_OF_TECH_MOD_NEGATIVE_XXS'); -- pvs -35, decreasing for project test


-- Unique Districts
INSERT OR IGNORE INTO DistrictModifiers (DistrictType, ModifierId)
SELECT DistrictType, 'RH_END_OF_TECH_MOD_ML' 
FROM Districts
WHERE TraitType IS NOT NULL;

-- Unique Encampement Buildings
INSERT OR IGNORE INTO BuildingModifiers (BuildingType, ModifierId)
SELECT BuildingType, 'RH_END_OF_TECH_MOD_L' 
FROM Buildings
WHERE TraitType IS NOT NULL
AND PrereqDistrict = 'DISTRICT_ENCAMPMENT';

-- Unique Buildings
INSERT OR IGNORE INTO BuildingModifiers (BuildingType, ModifierId)
SELECT BuildingType, 'RH_END_OF_TECH_MOD_MML' 
FROM Buildings
WHERE TraitType IS NOT NULL;




-- Test for Food and Production Unique Improvements as well

INSERT OR IGNORE INTO ImprovementModifiers (ImprovementType, ModifierId)
SELECT DISTINCT i.ImprovementType, 'RH_END_OF_TECH_MOD_XXS'
FROM Improvements i
JOIN Improvement_YieldChanges iyc
ON i.ImprovementType = iyc.ImprovementType
WHERE i.TraitType IS NOT NULL
AND (iyc.YieldType = 'YIELD_FOOD' OR iyc.YieldType = 'YIELD_PRODUCTION');




-- Test
INSERT OR IGNORE INTO ImprovementModifiers (ImprovementType, ModifierId) VALUES

('IMPROVEMENT_MINE',						 'RH_END_OF_TECH_MOD_S'),
('IMPROVEMENT_LUMBER_MILL',					'RH_END_OF_TECH_MOD_XXS'),

('IMPROVEMENT_TERRACE_FARM',				 'RH_END_OF_TECH_MOD_S'),

('IMPROVEMENT_MOUNTAIN_ROAD',				 'RH_END_OF_TECH_MOD_NEGATIVE_S'),
('IMPROVEMENT_FORT',						 'RH_END_OF_TECH_MOD_NEGATIVE_XS'), -- Test

('IMPROVEMENT_GEOTHERMAL_PLANT',			 'RH_END_OF_TECH_MOD_S'),

('IMPROVEMENT_OFFSHORE_OIL_RIG',			 'RH_END_OF_TECH_MOD_L'),
('IMPROVEMENT_OIL_WELL',					 'RH_END_OF_TECH_MOD_L');


INSERT OR IGNORE INTO ImprovementModifiers (ImprovementType, ModifierId) VALUES

('IMPROVEMENT_AIRSTRIP',					 'RH_END_OF_TECH_MOD_XXXS_IMP'),
('IMPROVEMENT_MISSILE_SILO',				 'RH_END_OF_TECH_MOD_XXXS');


-- Ranged
INSERT INTO UnitPromotionModifiers (UnitPromotionType, ModifierId) VALUES
('PROMOTION_VOLLEY', 		'RH_END_OF_TECH_MOD_XL'), -- +5 Against Units, Test
('PROMOTION_ARROW_STORM', 		'RH_END_OF_TECH_MOD_XL'), -- +7 Against Units, Test

('PROMOTION_EMPLACEMENT', 		'RH_END_OF_TECH_MOD_XL'), -- +10 Against City Attacks

('PROMOTION_EXPERT_MARKSMAN', 		'RH_END_OF_TECH_MOD_XL'); -- Double Attack


-- Siege
INSERT INTO UnitPromotionModifiers (UnitPromotionType, ModifierId) VALUES
('PROMOTION_CREW_WEAPONS', 'RH_END_OF_TECH_MOD_XL'), -- Defending
('PROMOTION_SHRAPNEL',	 'RH_END_OF_TECH_MOD_XL'), -- +10 District Defences, Attack and Defense, requires Crew

('PROMOTION_EXPERT_CREW', 'RH_END_OF_TECH_MOD_XL'),  -- Move after Attacking
('PROMOTION_FORWARD_OBSERVERS', 'RH_END_OF_TECH_MOD_XL'); -- +1 Range



INSERT OR IGNORE INTO PolicyModifiers  (PolicyType, ModifierId)  VALUES	
-- Units
		('POLICY_AGOGE', 		 	 		 'RH_END_OF_TECH_MOD_SM'),
		('POLICY_FEUDAL_CONTRACT', 		 	 'RH_END_OF_TECH_MOD_S'),
		('POLICY_GRANDE_ARMEE', 		 	 'RH_END_OF_TECH_MOD_S'),
		('POLICY_MILITARY_FIRST', 		 	 'RH_END_OF_TECH_MOD_S'),	
		
		('POLICY_STRATEGIC_AIR_FORCE', 		 'RH_END_OF_TECH_MOD_XS');	-- +50% Production toward all air units and toward Carriers.


INSERT OR IGNORE INTO PolicyModifiers  (PolicyType, ModifierId)  VALUES	

/*
		('POLICY_RH_AI_CLASSICAL',      		  			 'RH_END_OF_TECH_MOD_XL'), -- Extra Boost
		('POLICY_RH_AI_OLIGARCHY',      		  			 'RH_END_OF_TECH_MOD_XL'),
		
--		('POLICY_GOV_OLIGARCHY',      		  				 'RH_END_OF_TECH_MOD_XL'),
		
		('POLICY_RH_AI_MONARCHY', 			 				 'RH_END_OF_TECH_MOD_XL'),
--		('POLICY_GOV_MERCHANT_REPUBLIC', 	 				 'RH_END_OF_TECH_MOD_XL'),
		('POLICY_RH_AI_COMMUNISM', 			 				 'RH_END_OF_TECH_MOD_XL'),
--		('POLICY_GOV_FASCISM', 			     				 'RH_END_OF_TECH_MOD_XL'),
		('POLICY_RH_AI_DEMOCRACY', 			     			 'RH_END_OF_TECH_MOD_XL'),
*/

	('POLICY_FUTURE_VICTORY_SCIENCE',      		  			'RH_END_OF_TECH_MOD_XL'); -- Todo After Launching Space Project Only -- pvs 50, 100, 250

-- Power and Aluminium from Spaceports



INSERT OR IGNORE INTO ProjectCompletionModifiers    (ProjectType,		ModifierId)  VALUES	

		('PROJECT_REPAIR_OUTER_DEFENSES',	'RH_END_OF_TECH_MOD_XXS'),
		('PROJECT_SEND_AID',				'RH_END_OF_TECH_MOD_XXXS');


INSERT OR IGNORE INTO TechnologyModifiers (TechnologyType, ModifierId)  VALUES	
			('TECH_BUTTRESS', 						'RH_END_OF_TECH_MOD_NEGATIVE_XS'),
			('TECH_MILITARY_TACTICS', 				'RH_END_OF_TECH_MOD_NEGATIVE_XS');



INSERT INTO CivicModifiers (CivicType, ModifierId) VALUES
('CIVIC_NATIONALISM', 		'RH_END_OF_TECH_MOD_ML');


INSERT OR IGNORE INTO TechnologyModifiers (TechnologyType, ModifierId)  VALUES	
			('TECH_STIRRUPS', 				'RH_END_OF_TECH_MOD_XS'),
			('TECH_APPRENTICESHIP', 		'RH_END_OF_TECH_MOD_S'), -- Man at Arms, Industrial Zone, Mines +1 Production

			('TECH_INDUSTRIALIZATION', 		'RH_END_OF_TECH_MOD_S'), -- Good for Production
			
			('TECH_RADIO', 					'RH_END_OF_TECH_MOD_S'),			
			('TECH_ADVANCED_FLIGHT', 		'RH_END_OF_TECH_MOD_S'), 

			-- Air Defence
			('TECH_ADVANCED_BALLISTICS', 	'RH_END_OF_TECH_MOD_M'), 
			('TECH_GUIDANCE_SYSTEMS', 		'RH_END_OF_TECH_MOD_M'), 
			
			('TECH_STEALTH_TECHNOLOGY', 	'RH_END_OF_TECH_MOD_M'), 	
			
			('TECH_REFINING', 				'RH_END_OF_TECH_MOD_S'), -- Oil
			
			('TECH_PRINTING', 				'RH_END_OF_TECH_MOD_XS'), -- Combat Strength / Tourism
			('TECH_MACHINERY', 				'RH_END_OF_TECH_MOD_S'),

			('TECH_ANIMAL_HUSBANDRY', 		'RH_END_OF_TECH_MOD_L'),	
			('TECH_ARCHERY', 				'RH_END_OF_TECH_MOD_XL'),
					
			('TECH_POTTERY', 				'RH_END_OF_TECH_MOD_XS'),
	
			('TECH_WRITING', 				'RH_END_OF_TECH_MOD_XS'),
			('TECH_ASTROLOGY', 				'RH_END_OF_TECH_MOD_SM'),	-- pvs XS
	
			('TECH_MASONRY', 				'RH_END_OF_TECH_MOD_SM'),		
	
			('TECH_IRRIGATION', 			'RH_END_OF_TECH_MOD_XS'),

			('TECH_MINING', 				'RH_END_OF_TECH_MOD_M'); -- pvs S



INSERT OR IGNORE INTO BuildingModifiers (BuildingType, ModifierId) VALUES

('BUILDING_COLOSSEUM',		 'RH_END_OF_TECH_MOD_L_POP'); -- Scale with Pop



INSERT OR IGNORE INTO DistrictModifiers (DistrictType, ModifierId) VALUES
('DISTRICT_GOVERNMENT',						 'RH_END_OF_TECH_MOD_L_POP');


/*
('DISTRICT_ACROPOLIS',						 'RH_END_OF_TECH_MOD_ML'),
('DISTRICT_HANSA',							 'RH_END_OF_TECH_MOD_ML'),
('DISTRICT_BATH',							 'RH_END_OF_TECH_MOD_ML'),
('DISTRICT_ROYAL_NAVY_DOCKYARD',			 'RH_END_OF_TECH_MOD_L'),
('DISTRICT_COTHON',			 				 'RH_END_OF_TECH_MOD_L'),
('DISTRICT_OBSERVATORY',					 'RH_END_OF_TECH_MOD_L'),
('DISTRICT_OPPIDUM',						 'RH_END_OF_TECH_MOD_ML'),
('DISTRICT_THANH',							 'RH_END_OF_TECH_MOD_ML');
*/





-- Todo Science / Culture Victory Techs

INSERT OR IGNORE INTO TechnologyModifiers (TechnologyType, ModifierId)  VALUES		
			('TECH_FUTURE_TECH', 				'RH_END_OF_TECH_MOD_NEGATIVE'),
			('TECHNOLOGY_RH_AI_MAIN', 			'RH_END_OF_TECH_MOD_NEGATIVE'),
			('TECHNOLOGY_RH_AI_LUDWIG_ADJ', 	'RH_END_OF_TECH_MOD_NEGATIVE'),
			('TECHNOLOGY_RH_AI_HUNGARY_ADJ', 	'RH_END_OF_TECH_MOD_NEGATIVE'),
			('TECHNOLOGY_RH_AI_THEODORA_ADJ', 	'RH_END_OF_TECH_MOD_NEGATIVE'),

			('TECH_TELECOMMUNICATIONS', 	'RH_END_OF_TECH_MOD_NEGATIVE_S'),

			('TECH_STEALTH_TECHNOLOGY', 		'RH_END_OF_TECH_MOD_L'),
			('TECH_COMPUTERS', 					'RH_END_OF_TECH_MOD_L'),
			('TECH_ADVANCED_AI', 				'RH_END_OF_TECH_MOD_S'),	
			('TECH_NANOTECHNOLOGY', 			'RH_END_OF_TECH_MOD_ML');	
			

INSERT OR IGNORE INTO TechnologyModifiers (TechnologyType, ModifierId)	
SELECT TechnologyType, 						'RH_END_OF_TECH_MOD_NEGATIVE'
FROM Technologies
WHERE TechnologyType LIKE 'TECHNOLOGY_RH_%'; 



			
INSERT OR IGNORE INTO BuildingModifiers (BuildingType, ModifierId) VALUES
('BUILDING_FLOOD_BARRIER',					 'RH_END_OF_TECH_MOD_M');



/*

('WonderObsessedCivics', 'CIVIC_DEFENSIVE_TACTICS', 1, 100), -- HALICARNASSUS_MAUSOLEUM
('WonderObsessedCivics', 'CIVIC_POLITICAL_PHILOSOPHY', 1, 0), -- Apadana
('WonderObsessedCivics', 'CIVIC_GAMES_RECREATION', 1, 0); -- BUILDING_COLOSSEUM


INSERT OR IGNORE INTO AiFavoredItems (ListType, Item, Favored, Value) 
SELECT 'WonderObsessedBuildings', 'BUILDING_APADANA', 1, 900
FROM Types WHERE Type = 'BUILDING_APADANA';

INSERT OR IGNORE INTO AiFavoredItems (ListType, Item, Favored, Value) 
SELECT 'WonderObsessedBuildings', 'BUILDING_TEMPLE_ARTEMIS', 1, 15
FROM Types WHERE Type = 'BUILDING_TEMPLE_ARTEMIS';

INSERT OR IGNORE INTO AiFavoredItems (ListType, Item, Favored, Value) -- Rise and fall -- only 2 science city states needed for +15% science
SELECT 'WonderObsessedBuildings', 'BUILDING_KILWA_KISIWANI', 1, 200
FROM Types WHERE Type = 'BUILDING_KILWA_KISIWANI';

INSERT OR IGNORE INTO AiFavoredItems (ListType, Item, Favored, Value) -- Engineers -- -- Persia Macadon dlc wonder -- value pvs 200
SELECT 'WonderObsessedBuildings', 'BUILDING_HALICARNASSUS_MAUSOLEUM', 1, 400
FROM Types WHERE Type = 'BUILDING_HALICARNASSUS_MAUSOLEUM';

INSERT OR IGNORE INTO AiFavoredItems (ListType, Item, Favored, Value) -- Rise and fall -- Good for era score from buildings wonders
SELECT 'WonderObsessedBuildings', 'BUILDING_TAJ_MAHAL', 1, 90
FROM Types WHERE Type = 'BUILDING_TAJ_MAHAL';
*/



-- City State Test Yield		
			
/*			
INSERT OR IGNORE INTO Modifiers  (ModifierId, ModifierType, SubjectRequirementSetId) VALUES		
		('RH_CITY_STATE_MOD_XXS',			'MODIFIER_PLAYER_CAPITAL_CITY_ADJUST_CITY_YIELD_CHANGE',	'RH_AI_ANCIENT_ONLY_REQ_S'),
		('RH_CITY_STATE_MOD_XS',			'MODIFIER_PLAYER_CAPITAL_CITY_ADJUST_CITY_YIELD_CHANGE',	'RH_AI_ANCIENT_ONLY_REQ_S'),
		('RH_CITY_STATE_MOD',				'MODIFIER_PLAYER_CAPITAL_CITY_ADJUST_CITY_YIELD_CHANGE',	'RH_AI_ANCIENT_ONLY_REQ_S'),
		('RH_CITY_STATE_MOD_S',			'MODIFIER_PLAYER_CAPITAL_CITY_ADJUST_CITY_YIELD_CHANGE',	'RH_AI_ANCIENT_ONLY_REQ_S'),
		('RH_CITY_STATE_MOD_XL',			'MODIFIER_PLAYER_CAPITAL_CITY_ADJUST_CITY_YIELD_CHANGE',	'RH_AI_ANCIENT_ONLY_REQ_S'),
		('RH_CITY_STATE_MOD_L',			'MODIFIER_PLAYER_CAPITAL_CITY_ADJUST_CITY_YIELD_CHANGE',	'RH_AI_ANCIENT_ONLY_REQ_S');


INSERT OR IGNORE INTO ModifierArguments  (ModifierId, Name, Value) VALUES	
		('RH_CITY_STATE_MOD_XXS',		'YieldType', 		'YIELD_RH_CITY_STATE'),
		('RH_CITY_STATE_MOD_XXS',							'Amount'   , 3),

		('RH_CITY_STATE_MOD_XS',		'YieldType', 		'YIELD_RH_CITY_STATE'),
		('RH_CITY_STATE_MOD_XS',							'Amount'   , 4),

		('RH_CITY_STATE_MOD_S',		'YieldType', 		'YIELD_RH_CITY_STATE'),
		('RH_CITY_STATE_MOD_S',							'Amount'   , 10),

		('RH_CITY_STATE_MOD_L',		'YieldType', 		'YIELD_RH_CITY_STATE'),
		('RH_CITY_STATE_MOD_L',							'Amount'   , 50),

		('RH_CITY_STATE_MOD_XL',		'YieldType', 		'YIELD_RH_CITY_STATE'),
		('RH_CITY_STATE_MOD_XL',							'Amount'   , 300),

		('RH_CITY_STATE_MOD',		'YieldType', 		'YIELD_RH_CITY_STATE'),
		('RH_CITY_STATE_MOD',							'Amount'   , 20);



INSERT INTO BuildingModifiers (BuildingType, ModifierId) VALUES
('BUILDING_GRANARY', 		'RH_CITY_STATE_MOD'),
('BUILDING_WATER_MILL', 	'RH_CITY_STATE_MOD'),

('BUILDING_WALLS', 			'RH_CITY_STATE_MOD'),
('BUILDING_CASTLE', 		'RH_CITY_STATE_MOD'),
('BUILDING_STAR_FORT', 		'RH_CITY_STATE_MOD');

*/





-- Chariot

INSERT OR IGNORE INTO Modifiers  (ModifierId, ModifierType, SubjectRequirementSetId) VALUES		
		('RH_CHARIOT_MOD',				'MODIFIER_PLAYER_CAPITAL_CITY_ADJUST_CITY_YIELD_CHANGE',	'RH_AI_ANCIENT_ONLY_REQ_S'),
		('RH_CHARIOT_MOD_M',				'MODIFIER_PLAYER_CAPITAL_CITY_ADJUST_CITY_YIELD_CHANGE',	'RH_AI_ANCIENT_ONLY_REQ_S'),
		('RH_CHARIOT_MOD_S',				'MODIFIER_PLAYER_CAPITAL_CITY_ADJUST_CITY_YIELD_CHANGE',	'RH_AI_ANCIENT_ONLY_REQ_S'),
		('RH_CHARIOT_MOD_L',				'MODIFIER_PLAYER_CAPITAL_CITY_ADJUST_CITY_YIELD_CHANGE',	'RH_AI_ANCIENT_ONLY_REQ_S'),
		('RH_CHARIOT_MOD_MXL',				'MODIFIER_PLAYER_CAPITAL_CITY_ADJUST_CITY_YIELD_CHANGE',	'RH_AI_ANCIENT_ONLY_REQ_S'),
		('RH_CHARIOT_MOD_XL',				'MODIFIER_PLAYER_CAPITAL_CITY_ADJUST_CITY_YIELD_CHANGE',	'RH_AI_ANCIENT_ONLY_REQ_S');

INSERT OR IGNORE INTO ModifierArguments  (ModifierId, Name, Value) VALUES	
		('RH_CHARIOT_MOD_XL',		'YieldType', 		'YIELD_RH_CHARIOT'),
		('RH_CHARIOT_MOD_XL',							'Amount'   , 175),

		('RH_CHARIOT_MOD_MXL',		'YieldType', 	'YIELD_RH_CHARIOT'),
		('RH_CHARIOT_MOD_MXL',						'Amount'   , 80),

		('RH_CHARIOT_MOD_L',		'YieldType', 		'YIELD_RH_CHARIOT'),
		('RH_CHARIOT_MOD_L',							'Amount'   , 50),

		('RH_CHARIOT_MOD_S',		'YieldType', 		'YIELD_RH_CHARIOT'),
		('RH_CHARIOT_MOD_S',							'Amount'   , 8),

		('RH_CHARIOT_MOD_M',		'YieldType', 		'YIELD_RH_CHARIOT'),
		('RH_CHARIOT_MOD_M',							'Amount'   , 15), -- pvs 9

		('RH_CHARIOT_MOD',		'YieldType', 		'YIELD_RH_CHARIOT'),
		('RH_CHARIOT_MOD',							'Amount'   , 40); -- pvs 20



INSERT OR IGNORE INTO PolicyModifiers  (PolicyType, ModifierId)  VALUES	
		('POLICY_MANEUVER', 		  		    'RH_CHARIOT_MOD'); -- +50% Production towards all Ancient and Classical era light and heavy CHARIOTalry units.

INSERT OR IGNORE INTO CivicModifiers (CivicType, ModifierId)  VALUES	
		('CIVIC_MILITARY_TRADITION', 			'RH_CHARIOT_MOD'); -- Maneuver


INSERT OR IGNORE INTO TechnologyModifiers (TechnologyType, ModifierId)  VALUES	
		('TECH_THE_WHEEL', 						'RH_CHARIOT_MOD'),
		('TECH_MINING', 						'RH_CHARIOT_MOD');





-- PROJECT_COURT_FESTIVAL




-- Leader Specific

-- Gorgo Military Policy Card Yield





-- ALL_MILITARY_CARD

INSERT OR IGNORE INTO Modifiers  (ModifierId, ModifierType, SubjectRequirementSetId) VALUES		
		('RH_ALL_MILITARY_CARD_MOD',				'MODIFIER_PLAYER_CAPITAL_CITY_ADJUST_CITY_YIELD_CHANGE',	'RH_AI_ANCIENT_ONLY_REQ_S'),
		('RH_ALL_MILITARY_CARD_MOD_M',				'MODIFIER_PLAYER_CAPITAL_CITY_ADJUST_CITY_YIELD_CHANGE',	'RH_AI_ANCIENT_ONLY_REQ_S'),
		('RH_ALL_MILITARY_CARD_MOD_S',				'MODIFIER_PLAYER_CAPITAL_CITY_ADJUST_CITY_YIELD_CHANGE',	'RH_AI_ANCIENT_ONLY_REQ_S'),
		('RH_ALL_MILITARY_CARD_MOD_L',				'MODIFIER_PLAYER_CAPITAL_CITY_ADJUST_CITY_YIELD_CHANGE',	'RH_AI_ANCIENT_ONLY_REQ_S'),
		('RH_ALL_MILITARY_CARD_MOD_MXL',				'MODIFIER_PLAYER_CAPITAL_CITY_ADJUST_CITY_YIELD_CHANGE',	'RH_AI_ANCIENT_ONLY_REQ_S'),
		('RH_ALL_MILITARY_CARD_MOD_XL',				'MODIFIER_PLAYER_CAPITAL_CITY_ADJUST_CITY_YIELD_CHANGE',	'RH_AI_ANCIENT_ONLY_REQ_S');

INSERT OR IGNORE INTO ModifierArguments  (ModifierId, Name, Value) VALUES	
		('RH_ALL_MILITARY_CARD_MOD_XL',		'YieldType', 		'YIELD_RH_ALL_MILITARY_CARD'),
		('RH_ALL_MILITARY_CARD_MOD_XL',							'Amount'   , 175),

		('RH_ALL_MILITARY_CARD_MOD_MXL',		'YieldType', 	'YIELD_RH_ALL_MILITARY_CARD'),
		('RH_ALL_MILITARY_CARD_MOD_MXL',						'Amount'   , 80),

		('RH_ALL_MILITARY_CARD_MOD_L',		'YieldType', 		'YIELD_RH_ALL_MILITARY_CARD'),
		('RH_ALL_MILITARY_CARD_MOD_L',							'Amount'   , 50),

		('RH_ALL_MILITARY_CARD_MOD_S',		'YieldType', 		'YIELD_RH_ALL_MILITARY_CARD'),
		('RH_ALL_MILITARY_CARD_MOD_S',							'Amount'   , 8),

		('RH_ALL_MILITARY_CARD_MOD_M',		'YieldType', 		'YIELD_RH_ALL_MILITARY_CARD'),
		('RH_ALL_MILITARY_CARD_MOD_M',							'Amount'   , 15), -- pvs 9

		('RH_ALL_MILITARY_CARD_MOD',		'YieldType', 		'YIELD_RH_ALL_MILITARY_CARD'),
		('RH_ALL_MILITARY_CARD_MOD',							'Amount'   , 40); -- pvs 20



INSERT OR IGNORE INTO PolicyModifiers  (PolicyType, ModifierId)  VALUES	


		('POLICY_DISCIPLINE', 		  		    'RH_ALL_MILITARY_CARD_MOD'), -- Barbs
		('POLICY_AGOGE', 		  		 	    'RH_ALL_MILITARY_CARD_MOD'), -- 50% Military Policy
		
		('POLICY_MARITIME_INDUSTRIES', 		  	'RH_ALL_MILITARY_CARD_MOD'), -- 100% early boats
		
		
		('POLICY_CONSCRIPTION', 		  		    'RH_ALL_MILITARY_CARD_MOD'), -- Unit Maintaince Discount
		('POLICY_VETERANCY', 		  		    'RH_ALL_MILITARY_CARD_MOD_XL'), -- 30% Harbors / Encampements
		
		('POLICY_LIMES', 		  		    'RH_ALL_MILITARY_CARD_MOD'),
		('POLICY_MANEUVER', 		  		    'RH_ALL_MILITARY_CARD_MOD'),		
		
		('POLICY_FEUDAL_CONTRACT', 		 	 'RH_ALL_MILITARY_CARD_MOD'),
		('POLICY_GRANDE_ARMEE', 		 	 'RH_ALL_MILITARY_CARD_MOD'),
		('POLICY_MILITARY_FIRST', 		 	 'RH_ALL_MILITARY_CARD_MOD'),	

		('POLICY_RETAINERS', 		 	 'RH_ALL_MILITARY_CARD_MOD'),	-- +1 Amenity Garrisoned Unit
		
		('POLICY_CRAFTSMEN', 		 	 'RH_ALL_MILITARY_CARD_MOD_MXL'),	-- 100% Industrial ZONE
		
		('POLICY_LOGISTICS', 		 	 'RH_ALL_MILITARY_CARD_MOD_L'),	-- +1 Movement in friendly

		('POLICY_AFTER_ACTION_REPORTS', 		 	 'RH_ALL_MILITARY_CARD_MOD_L'),	-- +50% Experience

		('POLICY_THIRD_ALTERNATIVE', 		 	 'RH_ALL_MILITARY_CARD_MOD_L'),	-- +50% Experience


		('POLICY_STRATEGIC_AIR_FORCE', 		 'RH_ALL_MILITARY_CARD_MOD_MXL'),	-- +50% Production toward all air units and toward Carriers.

		('POLICY_WARS_OF_RELIGION', 		  'RH_ALL_MILITARY_CARD_MOD'), -- +4 Strength against civs that follow other relgions
		('POLICY_ELITE_FORCES',      		  'RH_ALL_MILITARY_CARD_MOD'), -- 100% unit experience, but 2 Maintenance for every unit (dark age)
		('POLICY_CYBER_WARFARE', 			  'RH_ALL_MILITARY_CARD_MOD_XL'), -- +10 against units from info and future eras

		('POLICY_MANEUVER', 		  		    'RH_ALL_MILITARY_CARD_MOD'); -- +50% Production towards all Ancient and Classical era light and heavy cavalry units.


INSERT INTO BuildingModifiers (BuildingType, ModifierId) VALUES
('BUILDING_ALHAMBRA', 		'RH_ALL_MILITARY_CARD_MOD_MXL');


-- Higher Milt Capacity Mod
			
			
INSERT OR IGNORE INTO Modifiers  (ModifierId, ModifierType, SubjectRequirementSetId) VALUES		

		('RH_EXPANSION_MOD_XXXS',			'MODIFIER_PLAYER_CAPITAL_CITY_ADJUST_CITY_YIELD_CHANGE',	'RH_AI_ANCIENT_ONLY_REQ_S'),
		('RH_EXPANSION_MOD_XXS',			'MODIFIER_PLAYER_CAPITAL_CITY_ADJUST_CITY_YIELD_CHANGE',	'RH_AI_ANCIENT_ONLY_REQ_S'),
		('RH_EXPANSION_MOD_XS',			'MODIFIER_PLAYER_CAPITAL_CITY_ADJUST_CITY_YIELD_CHANGE',	'RH_AI_ANCIENT_ONLY_REQ_S'),
		('RH_EXPANSION_MOD',				'MODIFIER_PLAYER_CAPITAL_CITY_ADJUST_CITY_YIELD_CHANGE',	'RH_AI_ANCIENT_ONLY_REQ_S'),
		('RH_EXPANSION_MOD_S',			'MODIFIER_PLAYER_CAPITAL_CITY_ADJUST_CITY_YIELD_CHANGE',	'RH_AI_ANCIENT_ONLY_REQ_S'),
		('RH_EXPANSION_MOD_XL',			'MODIFIER_PLAYER_CAPITAL_CITY_ADJUST_CITY_YIELD_CHANGE',	'RH_AI_ANCIENT_ONLY_REQ_S'),
		('RH_EXPANSION_MOD_L',			'MODIFIER_PLAYER_CAPITAL_CITY_ADJUST_CITY_YIELD_CHANGE',	'RH_AI_ANCIENT_ONLY_REQ_S');


INSERT OR IGNORE INTO ModifierArguments  (ModifierId, Name, Value) VALUES	
		('RH_EXPANSION_MOD_XXXS',		'YieldType', 		'YIELD_RH_EXPANSION'),
		('RH_EXPANSION_MOD_XXXS',							'Amount'   , 1),

		('RH_EXPANSION_MOD_XXS',		'YieldType', 		'YIELD_RH_EXPANSION'),
		('RH_EXPANSION_MOD_XXS',							'Amount'   , 2),

		('RH_EXPANSION_MOD_XS',		'YieldType', 		'YIELD_RH_EXPANSION'),
		('RH_EXPANSION_MOD_XS',							'Amount'   , 4),

		('RH_EXPANSION_MOD_S',		'YieldType', 		'YIELD_RH_EXPANSION'),
		('RH_EXPANSION_MOD_S',							'Amount'   , 15),

		('RH_EXPANSION_MOD_L',		'YieldType', 		'YIELD_RH_EXPANSION'),
		('RH_EXPANSION_MOD_L',							'Amount'   , 120),

		('RH_EXPANSION_MOD_XL',		'YieldType', 		'YIELD_RH_EXPANSION'),
		('RH_EXPANSION_MOD_XL',							'Amount'   , 300),

		('RH_EXPANSION_MOD',		'YieldType', 		'YIELD_RH_EXPANSION'),
		('RH_EXPANSION_MOD',							'Amount'   , 37);


INSERT INTO CivicModifiers (CivicType, ModifierId) VALUES
('CIVIC_EARLY_EMPIRE', 			'RH_EXPANSION_MOD_L'), --50% Settle very Useful

('CIVIC_CRAFTSMANSHIP', 		'RH_EXPANSION_MOD'); -- For Agoge, 30% Builders


INSERT OR IGNORE INTO ResolutionEffects ('ResolutionEffectId', 'ResolutionType', 'WhichEffect', 'ModifierId') VALUES
(682, 'WC_RES_BORDER_CONTROL', 1, 'RH_EXPANSION_MOD_S'); -- CB, pvs 37


INSERT OR IGNORE INTO DistrictModifiers (DistrictType, ModifierId) VALUES
('DISTRICT_GOVERNMENT',			 'RH_EXPANSION_MOD_L'); -- Higher Preference


INSERT OR IGNORE INTO PolicyModifiers  (PolicyType, ModifierId)  VALUES	
		('POLICY_AGOGE', 		  		   				 'RH_EXPANSION_MOD_XL'), -- pvs 20, were not equiping, pvs Normal
		('POLICY_STRATEGOS', 		  		   			 'RH_EXPANSION_MOD_S'), -- 2 Great General Points
		('POLICY_MANEUVER', 		  					 'RH_EXPANSION_MOD_S'), 	

		('POLICY_COLONIZATION', 		  				'RH_EXPANSION_MOD_L');  -- +50% Production towards Settlers.

		
		
INSERT OR IGNORE INTO BuildingModifiers  (BuildingType, ModifierId)  VALUES	
		('BUILDING_GOV_WIDE', 		  		   				 'RH_EXPANSION_MOD_S');


INSERT OR IGNORE INTO BeliefModifiers (BeliefType        ,ModifierId)   VALUES

('BELIEF_TITHE',								'RH_EXPANSION_MOD_XXXS'),

('BELIEF_DEFENDER_OF_FAITH',			 		'RH_EXPANSION_MOD_XXXS'),
('BELIEF_RELIGIOUS_COLONIZATION',				'RH_EXPANSION_MOD_XXXS');


INSERT OR IGNORE INTO BeliefModifiers (BeliefType,			ModifierId)
SELECT 'BELIEF_WORLD_CHURCH', 'RH_EXPANSION_MOD_XS'
WHERE EXISTS (SELECT * FROM Beliefs WHERE BeliefType = 'BELIEF_WORLD_CHURCH');

INSERT OR IGNORE INTO BeliefModifiers (BeliefType,			ModifierId)
SELECT 'BELIEF_CROSS_CULTURAL_DIALOGUE', 'RH_EXPANSION_MOD_XXS'
WHERE EXISTS (SELECT * FROM Beliefs WHERE BeliefType = 'BELIEF_CROSS_CULTURAL_DIALOGUE');



-- Gorgo Yield
			
			
INSERT OR IGNORE INTO Modifiers  (ModifierId, ModifierType, SubjectRequirementSetId) VALUES		
		('RH_GORGO_MOD_XXS',			'MODIFIER_PLAYER_CAPITAL_CITY_ADJUST_CITY_YIELD_CHANGE',	'RH_AI_ANCIENT_ONLY_REQ_S'),
		('RH_GORGO_MOD_XS',			'MODIFIER_PLAYER_CAPITAL_CITY_ADJUST_CITY_YIELD_CHANGE',	'RH_AI_ANCIENT_ONLY_REQ_S'),
		('RH_GORGO_MOD',				'MODIFIER_PLAYER_CAPITAL_CITY_ADJUST_CITY_YIELD_CHANGE',	'RH_AI_ANCIENT_ONLY_REQ_S'),
		('RH_GORGO_MOD_S',			'MODIFIER_PLAYER_CAPITAL_CITY_ADJUST_CITY_YIELD_CHANGE',	'RH_AI_ANCIENT_ONLY_REQ_S'),
		('RH_GORGO_MOD_XL',			'MODIFIER_PLAYER_CAPITAL_CITY_ADJUST_CITY_YIELD_CHANGE',	'RH_AI_ANCIENT_ONLY_REQ_S'),
		('RH_GORGO_MOD_L',			'MODIFIER_PLAYER_CAPITAL_CITY_ADJUST_CITY_YIELD_CHANGE',	'RH_AI_ANCIENT_ONLY_REQ_S');


INSERT OR IGNORE INTO ModifierArguments  (ModifierId, Name, Value) VALUES	
		('RH_GORGO_MOD_XXS',		'YieldType', 		'YIELD_RH_GORGO'),
		('RH_GORGO_MOD_XXS',							'Amount'   , 3),

		('RH_GORGO_MOD_XS',		'YieldType', 		'YIELD_RH_GORGO'),
		('RH_GORGO_MOD_XS',							'Amount'   , 4),

		('RH_GORGO_MOD_S',		'YieldType', 		'YIELD_RH_GORGO'),
		('RH_GORGO_MOD_S',							'Amount'   , 10),

		('RH_GORGO_MOD_L',		'YieldType', 		'YIELD_RH_GORGO'),
		('RH_GORGO_MOD_L',							'Amount'   , 50),

		('RH_GORGO_MOD_XL',		'YieldType', 		'YIELD_RH_GORGO'),
		('RH_GORGO_MOD_XL',							'Amount'   , 300),

		('RH_GORGO_MOD',		'YieldType', 		'YIELD_RH_GORGO'),
		('RH_GORGO_MOD',							'Amount'   , 20);



INSERT INTO BuildingModifiers (BuildingType, ModifierId) VALUES
('BUILDING_BIG_BEN', 			'RH_GORGO_MOD'),

('BUILDING_FORBIDDEN_CITY', 		'RH_GORGO_MOD'),
('BUILDING_POTALA_PALACE', 		'RH_GORGO_MOD'), -- Allows space for other cards

('BUILDING_ALHAMBRA', 		'RH_GORGO_MOD');


INSERT INTO TechnologyModifiers (TechnologyType, ModifierId) VALUES

('TECH_ECONOMICS', 		'RH_GORGO_MOD'),

('TECH_CONSTRUCTION', 		'RH_GORGO_MOD'),

('TECH_CASTLES', 		'RH_GORGO_MOD');


INSERT INTO CivicModifiers (CivicType, ModifierId) VALUES

('CIVIC_MILITARY_TRAINING', 		'RH_GORGO_MOD'),
('CIVIC_DIPLOMATIC_SERVICE', 		'RH_GORGO_MOD'),
('CIVIC_NATIONALISM', 				'RH_GORGO_MOD'),
('CIVIC_MOBILIZATION', 				'RH_GORGO_MOD'),


('CIVIC_POLITICAL_PHILOSOPHY', 		'RH_GORGO_MOD'),
('CIVIC_DIVINE_RIGHT', 				'RH_GORGO_MOD'),
('CIVIC_TOTALITARIANISM', 			'RH_GORGO_MOD'),
('CIVIC_IDEOLOGY', 					'RH_GORGO_MOD');





-- RH CULTURE_VICTORY_BASE Yield


INSERT OR IGNORE INTO Modifiers  (ModifierId, ModifierType, SubjectRequirementSetId) VALUES		
		('RH_CULTURE_VICTORY_BASE_MOD',					'MODIFIER_PLAYER_CAPITAL_CITY_ADJUST_CITY_YIELD_CHANGE',		'RH_AI_ANCIENT_ONLY_REQ_S'),
		('RH_CULTURE_VICTORY_BASE_MOD_XS',				'MODIFIER_PLAYER_CAPITAL_CITY_ADJUST_CITY_YIELD_CHANGE',	'RH_AI_ANCIENT_ONLY_REQ_S'),
		('RH_CULTURE_VICTORY_BASE_MOD_S',				'MODIFIER_PLAYER_CAPITAL_CITY_ADJUST_CITY_YIELD_CHANGE',	'RH_AI_ANCIENT_ONLY_REQ_S'),
		('RH_CULTURE_VICTORY_BASE_MOD_L',				'MODIFIER_PLAYER_CAPITAL_CITY_ADJUST_CITY_YIELD_CHANGE',	'RH_AI_ANCIENT_ONLY_REQ_S'),
		('RH_CULTURE_VICTORY_BASE_MOD_ML',				'MODIFIER_PLAYER_CAPITAL_CITY_ADJUST_CITY_YIELD_CHANGE',	'RH_AI_ANCIENT_ONLY_REQ_S'),
		('RH_CULTURE_VICTORY_BASE_MOD_MXL',				'MODIFIER_PLAYER_CAPITAL_CITY_ADJUST_CITY_YIELD_CHANGE',	'RH_AI_ANCIENT_ONLY_REQ_S'),
		('RH_CULTURE_VICTORY_BASE_MOD_MINUS',				'MODIFIER_PLAYER_CAPITAL_CITY_ADJUST_CITY_YIELD_CHANGE',	'RH_AI_ANCIENT_ONLY_REQ_S'),
		('RH_CULTURE_VICTORY_BASE_MOD_XL',				'MODIFIER_PLAYER_CAPITAL_CITY_ADJUST_CITY_YIELD_CHANGE',	'RH_AI_ANCIENT_ONLY_REQ_S');

INSERT OR IGNORE INTO ModifierArguments  (ModifierId, Name, Value) VALUES	
		('RH_CULTURE_VICTORY_BASE_MOD_XL',		'YieldType', 	'YIELD_RH_CULTURE_VICTORY_BASE'),
		('RH_CULTURE_VICTORY_BASE_MOD_XL',						'Amount'   , 400), 

		('RH_CULTURE_VICTORY_BASE_MOD_MXL',		'YieldType', 	'YIELD_RH_CULTURE_VICTORY_BASE'),
		('RH_CULTURE_VICTORY_BASE_MOD_MXL',						'Amount'   , 250), -- pvs 300

		('RH_CULTURE_VICTORY_BASE_MOD_L',		'YieldType', 		'YIELD_RH_CULTURE_VICTORY_BASE'),
		('RH_CULTURE_VICTORY_BASE_MOD_L',							'Amount'   , 110), 

		('RH_CULTURE_VICTORY_BASE_MOD_ML',		'YieldType', 		'YIELD_RH_CULTURE_VICTORY_BASE'),
		('RH_CULTURE_VICTORY_BASE_MOD_ML',							'Amount'   , 75), 

		('RH_CULTURE_VICTORY_BASE_MOD_S',		'YieldType', 		'YIELD_RH_CULTURE_VICTORY_BASE'),
		('RH_CULTURE_VICTORY_BASE_MOD_S',							'Amount'   , 15),

		('RH_CULTURE_VICTORY_BASE_MOD_XS',		'YieldType', 		'YIELD_RH_CULTURE_VICTORY_BASE'),
		('RH_CULTURE_VICTORY_BASE_MOD_XS',							'Amount'   , 5),

		('RH_CULTURE_VICTORY_BASE_MOD_MINUS',		'YieldType', 		'YIELD_RH_CULTURE_VICTORY_BASE'),
		('RH_CULTURE_VICTORY_BASE_MOD_MINUS',							'Amount'   , '-90'),

		('RH_CULTURE_VICTORY_BASE_MOD',			'YieldType', 		'YIELD_RH_CULTURE_VICTORY_BASE'),
		('RH_CULTURE_VICTORY_BASE_MOD',								'Amount'   , 50);




INSERT OR IGNORE INTO CivicModifiers (CivicType, ModifierId)  VALUES	
			('CIVIC_CAPITALISM', 					'RH_CULTURE_VICTORY_BASE_MOD_MXL'), -- Shopping Mall, Laissez Faire
			
			('CIVIC_NATURAL_HISTORY', 					'RH_CULTURE_VICTORY_BASE_MOD_MXL'),

			('CIVIC_OPERA_BALLET', 						'RH_CULTURE_VICTORY_BASE_MOD_MXL'),

			('CIVIC_HUMANISM', 							'RH_CULTURE_VICTORY_BASE_MOD_MXL'); -- Art Museum, Frescoes





INSERT OR IGNORE INTO PolicyModifiers  (PolicyType, ModifierId)  VALUES	
		('POLICY_ONLINE_COMMUNITIES', 		  		    'RH_CULTURE_VICTORY_BASE_MOD_L'), -- 50% Tourism to Civs with Trade Route
		('POLICY_SATELLITE_BROADCASTS', 		  		'RH_CULTURE_VICTORY_BASE_MOD'), -- 200% Tourism From GWs of Music 
		('POLICY_HERITAGE_TOURISM', 		  			'RH_CULTURE_VICTORY_BASE_MOD'); -- 100% Tourism From GWs of Arts and Artifacts 	
		

INSERT OR IGNORE INTO ImprovementModifiers (ImprovementType, ModifierId) VALUES

('IMPROVEMENT_PLANTATION',					 'RH_CULTURE_VICTORY_BASE_MOD_S'),

('IMPROVEMENT_BEACH_RESORT',				 'RH_CULTURE_VICTORY_BASE_MOD_L'),
('IMPROVEMENT_SKI_RESORT',					 'RH_CULTURE_VICTORY_BASE_MOD_L'),

('IMPROVEMENT_OFFSHORE_WIND_FARM',			 'RH_CULTURE_VICTORY_BASE_MOD'),
('IMPROVEMENT_SOLAR_FARM',					 'RH_CULTURE_VICTORY_BASE_MOD'),

('IMPROVEMENT_FORT',						 'RH_CULTURE_VICTORY_BASE_MOD_MINUS'),
('IMPROVEMENT_LUMBER_MILL',					 'RH_CULTURE_VICTORY_BASE_MOD_MINUS');




INSERT INTO BuildingModifiers (BuildingType, ModifierId) VALUES

('BUILDING_TERRACOTTA_ARMY', 			'RH_CULTURE_VICTORY_BASE_MOD_ML'), -- Archeologists 
('BUILDING_EIFFEL_TOWER', 				'RH_CULTURE_VICTORY_BASE_MOD'), -- Seaside Resorts etc
('BUILDING_ORACLE', 					'RH_CULTURE_VICTORY_BASE_MOD'), -- Extra Gp Points

('BUILDING_BOLSHOI_THEATRE', 			'RH_CULTURE_VICTORY_BASE_MOD_L'),
('BUILDING_BROADWAY', 					'RH_CULTURE_VICTORY_BASE_MOD_ML'),
('BUILDING_CRISTO_REDENTOR', 			'RH_CULTURE_VICTORY_BASE_MOD'),
('BUILDING_HERMITAGE', 					'RH_CULTURE_VICTORY_BASE_MOD'),
('BUILDING_COLOSSEUM', 					'RH_CULTURE_VICTORY_BASE_MOD_L'),
('BUILDING_FORBIDDEN_CITY', 			'RH_CULTURE_VICTORY_BASE_MOD'),
('BUILDING_GREAT_LIBRARY', 				'RH_CULTURE_VICTORY_BASE_MOD'),
('BUILDING_SYDNEY_OPERA_HOUSE', 		'RH_CULTURE_VICTORY_BASE_MOD'),

('BUILDING_FERRIS_WHEEL', 				'RH_CULTURE_VICTORY_BASE_MOD_S'),
('BUILDING_AQUARIUM', 					'RH_CULTURE_VICTORY_BASE_MOD_S'),
('BUILDING_AQUATICS_CENTER', 			'RH_CULTURE_VICTORY_BASE_MOD'),

('BUILDING_AMPHITHEATER', 				'RH_CULTURE_VICTORY_BASE_MOD_S'),

('BUILDING_MUSEUM_ART', 				'RH_CULTURE_VICTORY_BASE_MOD'),
('BUILDING_MUSEUM_ARTIFACT', 			'RH_CULTURE_VICTORY_BASE_MOD'),

('BUILDING_BROADCAST_CENTER', 			'RH_CULTURE_VICTORY_BASE_MOD'),
('BUILDING_FILM_STUDIO', 				'RH_CULTURE_VICTORY_BASE_MOD_MXL'),

('BUILDING_SHOPPING_MALL', 				'RH_CULTURE_VICTORY_BASE_MOD_S'),

('BUILDING_MONUMENT', 					'RH_CULTURE_VICTORY_BASE_MOD_S'),
('BUILDING_WALLS', 						'RH_CULTURE_VICTORY_BASE_MOD_S'),
('BUILDING_STAR_FORT', 					'RH_CULTURE_VICTORY_BASE_MOD'),
('BUILDING_CASTLE', 					'RH_CULTURE_VICTORY_BASE_MOD');


INSERT OR IGNORE INTO BuildingModifiers (BuildingType,			ModifierId)
SELECT 'BUILDING_PRASAT', 'RH_CULTURE_VICTORY_BASE_MOD_XL'
WHERE EXISTS (SELECT * FROM Buildings WHERE BuildingType = 'BUILDING_PRASAT'); 

-- Other Unique Buildings
INSERT OR IGNORE INTO BuildingModifiers (BuildingType, ModifierId)
SELECT BuildingType, 'RH_CULTURE_VICTORY_BASE_MOD_MXL' 
FROM Buildings
WHERE TraitType IS NOT NULL
AND PrereqDistrict = 'DISTRICT_THEATER';


-- Other Amenity Unique Buildings
INSERT OR IGNORE INTO BuildingModifiers (BuildingType, ModifierId)
SELECT BuildingType, 'RH_CULTURE_VICTORY_BASE_MOD_S' 
FROM Buildings
WHERE TraitType IS NOT NULL
AND PrereqDistrict = 'DISTRICT_ENTERTAINMENT_COMPLEX';







INSERT OR IGNORE INTO BuildingModifiers (BuildingType,			ModifierId)
SELECT 'BUILDING_BIOSPHERE', 'RH_CULTURE_VICTORY_BASE_MOD_MXL'
WHERE EXISTS (SELECT * FROM Buildings WHERE BuildingType = 'BUILDING_BIOSPHERE'); 

INSERT OR IGNORE INTO BuildingModifiers (BuildingType,			ModifierId)
SELECT 'BUILDING_KILWA_KISIWANI', 'RH_CULTURE_VICTORY_BASE_MOD_MXL'
WHERE EXISTS (SELECT * FROM Buildings WHERE BuildingType = 'BUILDING_KILWA_KISIWANI'); 

INSERT OR IGNORE INTO BuildingModifiers (BuildingType,			ModifierId)
SELECT 'BUILDING_ESTADIO_DO_MARACANA', 'RH_CULTURE_VICTORY_BASE_MOD_MXL'
WHERE EXISTS (SELECT * FROM Buildings WHERE BuildingType = 'BUILDING_ESTADIO_DO_MARACANA'); 


INSERT OR IGNORE INTO BeliefModifiers (BeliefType        ,ModifierId)   VALUES

('BELIEF_GURDWARA',				'RH_CULTURE_VICTORY_BASE_MOD_XS'), -- +2 Food, 1 Housing, 3 Faith
('BELIEF_CHORAL_MUSIC',			'RH_CULTURE_VICTORY_BASE_MOD_ML'), -- +2 Buildings Culture

-- Defence
('BELIEF_DEFENDER_OF_FAITH',				'RH_CULTURE_VICTORY_BASE_MOD_S');



INSERT OR IGNORE INTO BeliefModifiers (BeliefType,			ModifierId)
SELECT 'BELIEF_WORLD_CHURCH', 'RH_CULTURE_VICTORY_BASE_MOD'
WHERE EXISTS (SELECT * FROM Beliefs WHERE BeliefType = 'BELIEF_WORLD_CHURCH'); -- +1 Culture 4 Followers





/*
('CultureVictoryYields', 'YIELD_RH_PATRONAGE_DOUBLE',   		1, 660), -- pvs 500
('CultureVictoryYields', 'YIELD_RH_HERITAGE_ORG_DOUBLE',   		1, 920), -- pvs 750
('CultureVictoryYields', 'YIELD_RH_MERCENARY_COMPANIES_DOUBLE',   1, 850),

('CultureVictoryYields', 'YIELD_RH_PUBLIC_RELATIONS_BUFF',   1, 450),

('CultureVictoryYields', 'YIELD_RH_PUBLIC_WORKS_DOUBLE',   1, 550), -- Nerf Science Victory

('CultureVictoryYields', 'YIELD_RH_ESPIONAGE_PACT_DOUBLE',   1, 50), -- Steal Tech etc
*/



-- Testing Any ID instead of Ordered One

INSERT OR IGNORE INTO ResolutionEffects ('ResolutionEffectId', 'ResolutionType', 'WhichEffect', 'ModifierId') VALUES
(251, 'WC_RES_PATRONAGE', 1, 'RH_CULTURE_VICTORY_BASE_MOD_MXL'); -- Double

INSERT OR IGNORE INTO ResolutionEffects ('ResolutionEffectId', 'ResolutionType', 'WhichEffect', 'ModifierId') VALUES
(252, 'WC_RES_HERITAGE_ORG', 1, 'RH_CULTURE_VICTORY_BASE_MOD_XL'); -- Double

INSERT OR IGNORE INTO ResolutionEffects ('ResolutionEffectId', 'ResolutionType', 'WhichEffect', 'ModifierId') VALUES
(253, 'WC_RES_MERCENARY_COMPANIES', 1, 'RH_CULTURE_VICTORY_BASE_MOD_XL'); -- Double cost (AI absolutely loves the other option)

INSERT OR IGNORE INTO ResolutionEffects ('ResolutionEffectId', 'ResolutionType', 'WhichEffect', 'ModifierId') VALUES
(254, 'WC_RES_PUBLIC_RELATIONS', 1, 'RH_CULTURE_VICTORY_BASE_MOD_L'); -- Double Grievances -- 100%

INSERT OR IGNORE INTO ResolutionEffects ('ResolutionEffectId', 'ResolutionType', 'WhichEffect', 'ModifierId') VALUES
(255, 'WC_RES_PUBLIC_WORKS', 1, 'RH_CULTURE_VICTORY_BASE_MOD_MXL'); -- Double

INSERT OR IGNORE INTO ResolutionEffects ('ResolutionEffectId', 'ResolutionType', 'WhichEffect', 'ModifierId') VALUES
(256, 'WC_RES_ESPIONAGE_PACT', 1, 'RH_CULTURE_VICTORY_BASE_MOD_MXL'); -- Double






-- RH STATUE_LIBERTY Yield


INSERT OR IGNORE INTO Modifiers  (ModifierId, ModifierType, SubjectRequirementSetId) VALUES		
		('RH_STATUE_LIBERTY_MOD',					'MODIFIER_PLAYER_CAPITAL_CITY_ADJUST_CITY_YIELD_CHANGE',		'RH_AI_ANCIENT_ONLY_REQ_S'),
		('RH_STATUE_LIBERTY_MOD_XS',				'MODIFIER_PLAYER_CAPITAL_CITY_ADJUST_CITY_YIELD_CHANGE',	'RH_AI_ANCIENT_ONLY_REQ_S'),
		('RH_STATUE_LIBERTY_MOD_S',				'MODIFIER_PLAYER_CAPITAL_CITY_ADJUST_CITY_YIELD_CHANGE',	'RH_AI_ANCIENT_ONLY_REQ_S'),
		('RH_STATUE_LIBERTY_MOD_L',				'MODIFIER_PLAYER_CAPITAL_CITY_ADJUST_CITY_YIELD_CHANGE',	'RH_AI_ANCIENT_ONLY_REQ_S'),
		('RH_STATUE_LIBERTY_MOD_MXL',				'MODIFIER_PLAYER_CAPITAL_CITY_ADJUST_CITY_YIELD_CHANGE',	'RH_AI_ANCIENT_ONLY_REQ_S'),
		('RH_STATUE_LIBERTY_MOD_MINUS',				'MODIFIER_PLAYER_CAPITAL_CITY_ADJUST_CITY_YIELD_CHANGE',	'RH_AI_ANCIENT_ONLY_REQ_S'),
		('RH_STATUE_LIBERTY_MOD_XL',				'MODIFIER_PLAYER_CAPITAL_CITY_ADJUST_CITY_YIELD_CHANGE',	'RH_AI_ANCIENT_ONLY_REQ_S');

INSERT OR IGNORE INTO ModifierArguments  (ModifierId, Name, Value) VALUES	
		('RH_STATUE_LIBERTY_MOD_XL',		'YieldType', 	'YIELD_RH_STATUE_LIBERTY'),
		('RH_STATUE_LIBERTY_MOD_XL',						'Amount'   , 900), 

		('RH_STATUE_LIBERTY_MOD_MXL',		'YieldType', 	'YIELD_RH_STATUE_LIBERTY'),
		('RH_STATUE_LIBERTY_MOD_MXL',						'Amount'   , 450), -- pvs 300

		('RH_STATUE_LIBERTY_MOD_L',		'YieldType', 		'YIELD_RH_STATUE_LIBERTY'),
		('RH_STATUE_LIBERTY_MOD_L',							'Amount'   , 75), 

		('RH_STATUE_LIBERTY_MOD_S',		'YieldType', 		'YIELD_RH_STATUE_LIBERTY'),
		('RH_STATUE_LIBERTY_MOD_S',							'Amount'   , 6),

		('RH_STATUE_LIBERTY_MOD_XS',		'YieldType', 		'YIELD_RH_STATUE_LIBERTY'),
		('RH_STATUE_LIBERTY_MOD_XS',							'Amount'   , 2),

		('RH_STATUE_LIBERTY_MOD_MINUS',		'YieldType', 		'YIELD_RH_STATUE_LIBERTY'),
		('RH_STATUE_LIBERTY_MOD_MINUS',							'Amount'   , '-90'),

		('RH_STATUE_LIBERTY_MOD',			'YieldType', 		'YIELD_RH_STATUE_LIBERTY'),
		('RH_STATUE_LIBERTY_MOD',								'Amount'   , 25);



INSERT INTO BuildingModifiers (BuildingType, ModifierId) VALUES
('BUILDING_STATUE_LIBERTY', 			'RH_STATUE_LIBERTY_MOD');



INSERT INTO CivicModifiers (CivicType, ModifierId) VALUES
('CIVIC_CIVIL_ENGINEERING', 		'RH_STATUE_LIBERTY_MOD'),

('CIVIC_MERCANTILISM', 				'RH_STATUE_LIBERTY_MOD'); -- Required for Civil Engineering





-- RH MAUS_H Yield


INSERT OR IGNORE INTO Modifiers  (ModifierId, ModifierType, SubjectRequirementSetId) VALUES		
		('RH_MAUS_H_MOD',					'MODIFIER_PLAYER_CAPITAL_CITY_ADJUST_CITY_YIELD_CHANGE',		'RH_AI_ANCIENT_ONLY_REQ_S'),
		('RH_MAUS_H_MOD_XS',				'MODIFIER_PLAYER_CAPITAL_CITY_ADJUST_CITY_YIELD_CHANGE',	'RH_AI_ANCIENT_ONLY_REQ_S'),
		('RH_MAUS_H_MOD_S',				'MODIFIER_PLAYER_CAPITAL_CITY_ADJUST_CITY_YIELD_CHANGE',	'RH_AI_ANCIENT_ONLY_REQ_S'),
		('RH_MAUS_H_MOD_L',				'MODIFIER_PLAYER_CAPITAL_CITY_ADJUST_CITY_YIELD_CHANGE',	'RH_AI_ANCIENT_ONLY_REQ_S'),
		('RH_MAUS_H_MOD_MXL',				'MODIFIER_PLAYER_CAPITAL_CITY_ADJUST_CITY_YIELD_CHANGE',	'RH_AI_ANCIENT_ONLY_REQ_S'),
		('RH_MAUS_H_MOD_MINUS',				'MODIFIER_PLAYER_CAPITAL_CITY_ADJUST_CITY_YIELD_CHANGE',	'RH_AI_ANCIENT_ONLY_REQ_S'),
		('RH_MAUS_H_MOD_XL',				'MODIFIER_PLAYER_CAPITAL_CITY_ADJUST_CITY_YIELD_CHANGE',	'RH_AI_ANCIENT_ONLY_REQ_S');

INSERT OR IGNORE INTO ModifierArguments  (ModifierId, Name, Value) VALUES	
		('RH_MAUS_H_MOD_XL',		'YieldType', 	'YIELD_RH_MAUS_H'),
		('RH_MAUS_H_MOD_XL',						'Amount'   , 900), 

		('RH_MAUS_H_MOD_MXL',		'YieldType', 	'YIELD_RH_MAUS_H'),
		('RH_MAUS_H_MOD_MXL',						'Amount'   , 450), -- pvs 300

		('RH_MAUS_H_MOD_L',		'YieldType', 		'YIELD_RH_MAUS_H'),
		('RH_MAUS_H_MOD_L',							'Amount'   , 75), 

		('RH_MAUS_H_MOD_S',		'YieldType', 		'YIELD_RH_MAUS_H'),
		('RH_MAUS_H_MOD_S',							'Amount'   , 6),

		('RH_MAUS_H_MOD_XS',		'YieldType', 		'YIELD_RH_MAUS_H'),
		('RH_MAUS_H_MOD_XS',							'Amount'   , 2),

		('RH_MAUS_H_MOD_MINUS',		'YieldType', 		'YIELD_RH_MAUS_H'),
		('RH_MAUS_H_MOD_MINUS',							'Amount'   , '-90'),

		('RH_MAUS_H_MOD',			'YieldType', 		'YIELD_RH_MAUS_H'),
		('RH_MAUS_H_MOD',								'Amount'   , 330); -- pvs 25, 75, 250



INSERT INTO BuildingModifiers (BuildingType, ModifierId) VALUES
('BUILDING_HALICARNASSUS_MAUSOLEUM', 			'RH_MAUS_H_MOD');












-- Nuclear Program Yield
			
			
INSERT OR IGNORE INTO Modifiers  (ModifierId, ModifierType, SubjectRequirementSetId) VALUES		
		('RH_NUCLEAR_PROGRAM_MOD_XXS',			'MODIFIER_PLAYER_CAPITAL_CITY_ADJUST_CITY_YIELD_CHANGE',	'RH_AI_ANCIENT_ONLY_REQ_S'),
		('RH_NUCLEAR_PROGRAM_MOD_XS',			'MODIFIER_PLAYER_CAPITAL_CITY_ADJUST_CITY_YIELD_CHANGE',	'RH_AI_ANCIENT_ONLY_REQ_S'),
		('RH_NUCLEAR_PROGRAM_MOD',				'MODIFIER_PLAYER_CAPITAL_CITY_ADJUST_CITY_YIELD_CHANGE',	'RH_AI_ANCIENT_ONLY_REQ_S'),
		('RH_NUCLEAR_PROGRAM_MOD_S',			'MODIFIER_PLAYER_CAPITAL_CITY_ADJUST_CITY_YIELD_CHANGE',	'RH_AI_ANCIENT_ONLY_REQ_S'),
		('RH_NUCLEAR_PROGRAM_MOD_XL',			'MODIFIER_PLAYER_CAPITAL_CITY_ADJUST_CITY_YIELD_CHANGE',	'RH_AI_ANCIENT_ONLY_REQ_S'),
		('RH_NUCLEAR_PROGRAM_MOD_L',			'MODIFIER_PLAYER_CAPITAL_CITY_ADJUST_CITY_YIELD_CHANGE',	'RH_AI_ANCIENT_ONLY_REQ_S');


INSERT OR IGNORE INTO ModifierArguments  (ModifierId, Name, Value) VALUES	
		('RH_NUCLEAR_PROGRAM_MOD_XXS',		'YieldType', 		'YIELD_RH_NUCLEAR_PROGRAM'),
		('RH_NUCLEAR_PROGRAM_MOD_XXS',							'Amount'   , 3),

		('RH_NUCLEAR_PROGRAM_MOD_XS',		'YieldType', 		'YIELD_RH_NUCLEAR_PROGRAM'),
		('RH_NUCLEAR_PROGRAM_MOD_XS',							'Amount'   , 4),

		('RH_NUCLEAR_PROGRAM_MOD_S',		'YieldType', 		'YIELD_RH_NUCLEAR_PROGRAM'),
		('RH_NUCLEAR_PROGRAM_MOD_S',							'Amount'   , 10),

		('RH_NUCLEAR_PROGRAM_MOD_L',		'YieldType', 		'YIELD_RH_NUCLEAR_PROGRAM'),
		('RH_NUCLEAR_PROGRAM_MOD_L',							'Amount'   , 45),

		('RH_NUCLEAR_PROGRAM_MOD_XL',		'YieldType', 		'YIELD_RH_NUCLEAR_PROGRAM'),
		('RH_NUCLEAR_PROGRAM_MOD_XL',							'Amount'   , 600), -- pvs 175, 275, 375

		('RH_NUCLEAR_PROGRAM_MOD',		'YieldType', 		'YIELD_RH_NUCLEAR_PROGRAM'),
		('RH_NUCLEAR_PROGRAM_MOD',							'Amount'   , 160); -- pvs 80



INSERT OR IGNORE INTO PolicyModifiers  (PolicyType, ModifierId)  VALUES	
	('POLICY_NUCLEAR_ESPIONAGE',      		  					'RH_NUCLEAR_PROGRAM_MOD'), -- Double Boost
	('POLICY_NOBEL_PRIZE',      		  						'RH_NUCLEAR_PROGRAM_MOD'); -- Replaces Science Foundations



INSERT INTO BuildingModifiers (BuildingType, ModifierId) VALUES
('BUILDING_GREAT_LIBRARY', 			'RH_NUCLEAR_PROGRAM_MOD_L');



INSERT INTO CivicModifiers (CivicType, ModifierId) VALUES

('CIVIC_NUCLEAR_PROGRAM', 		'RH_NUCLEAR_PROGRAM_MOD_XL');



-- SCRIPTURE Yield
			
			
INSERT OR IGNORE INTO Modifiers  (ModifierId, ModifierType, SubjectRequirementSetId) VALUES		
		('RH_SCRIPTURE_MOD_XXS',			'MODIFIER_PLAYER_CAPITAL_CITY_ADJUST_CITY_YIELD_CHANGE',	'RH_AI_ANCIENT_ONLY_REQ_S'),
		('RH_SCRIPTURE_MOD_XS',			'MODIFIER_PLAYER_CAPITAL_CITY_ADJUST_CITY_YIELD_CHANGE',	'RH_AI_ANCIENT_ONLY_REQ_S'),
		('RH_SCRIPTURE_MOD',				'MODIFIER_PLAYER_CAPITAL_CITY_ADJUST_CITY_YIELD_CHANGE',	'RH_AI_ANCIENT_ONLY_REQ_S'),
		('RH_SCRIPTURE_MOD_S',			'MODIFIER_PLAYER_CAPITAL_CITY_ADJUST_CITY_YIELD_CHANGE',	'RH_AI_ANCIENT_ONLY_REQ_S'),
		('RH_SCRIPTURE_MOD_XL',			'MODIFIER_PLAYER_CAPITAL_CITY_ADJUST_CITY_YIELD_CHANGE',	'RH_AI_ANCIENT_ONLY_REQ_S'),
		('RH_SCRIPTURE_MOD_L',			'MODIFIER_PLAYER_CAPITAL_CITY_ADJUST_CITY_YIELD_CHANGE',	'RH_AI_ANCIENT_ONLY_REQ_S');


INSERT OR IGNORE INTO ModifierArguments  (ModifierId, Name, Value) VALUES	
		('RH_SCRIPTURE_MOD_XXS',		'YieldType', 		'YIELD_RH_SCRIPTURE'),
		('RH_SCRIPTURE_MOD_XXS',							'Amount'   , 3),

		('RH_SCRIPTURE_MOD_XS',		'YieldType', 		'YIELD_RH_SCRIPTURE'),
		('RH_SCRIPTURE_MOD_XS',							'Amount'   , 4),

		('RH_SCRIPTURE_MOD_S',		'YieldType', 		'YIELD_RH_SCRIPTURE'),
		('RH_SCRIPTURE_MOD_S',							'Amount'   , 10),

		('RH_SCRIPTURE_MOD_L',		'YieldType', 		'YIELD_RH_SCRIPTURE'),
		('RH_SCRIPTURE_MOD_L',							'Amount'   , 50),

		('RH_SCRIPTURE_MOD_XL',		'YieldType', 		'YIELD_RH_SCRIPTURE'),
		('RH_SCRIPTURE_MOD_XL',							'Amount'   , 175),

		('RH_SCRIPTURE_MOD',		'YieldType', 		'YIELD_RH_SCRIPTURE'),
		('RH_SCRIPTURE_MOD',							'Amount'   , 35); -- pvs 12



INSERT OR IGNORE INTO PolicyModifiers  (PolicyType, ModifierId)  VALUES	
	('POLICY_SCRIPTURE',      		  					'RH_SCRIPTURE_MOD'); -- 100% Holy Site


INSERT INTO CivicModifiers (CivicType, ModifierId) VALUES

('CIVIC_DRAMA_POETRY', 		'RH_SCRIPTURE_MOD_S'),
('CIVIC_MYSTICISM', 		'RH_SCRIPTURE_MOD_S'),

('CIVIC_THEOLOGY', 		'RH_SCRIPTURE_MOD');







-- CITY_CENTRE Yield
			

-- Test

INSERT OR IGNORE INTO RequirementSets (RequirementSetId, RequirementSetType)  VALUES
		('RH_REQ_S_MIN_5_Pop_Enable', 'REQUIREMENTSET_TEST_ALL');

INSERT OR IGNORE INTO RequirementSetRequirements (RequirementSetId, RequirementId) VALUES
		('RH_REQ_S_MIN_5_Pop_Enable', 'RH_Min_5_Enable'),
		('RH_REQ_S_MIN_5_Pop_Enable', 'REQUIRES_PLAYER_IS_AI');

INSERT OR IGNORE INTO Requirements (RequirementId, RequirementType) VALUES
		('RH_Min_5_Enable', 		'REQUIREMENT_CITY_HAS_X_POPULATION');

INSERT OR IGNORE INTO RequirementArguments  (RequirementId,	Name, Value) VALUES
		('RH_Min_5_Enable',			'Amount',	5);

-- REQUIRES_CITY_HAS_0_SPECIALTY_DISTRICTS todo instead
			
			
-- MODIFIER_SINGLE_CITY_ADJUST_CITY_YIELD_PER_POPULATION			
-- MODIFIER_PLAYER_CAPITAL_CITY_ADJUST_CITY_YIELD_CHANGE

			
			
INSERT OR IGNORE INTO Modifiers  (ModifierId, ModifierType, SubjectRequirementSetId) VALUES		
		('RH_CITY_CENTRE_MOD_XXS',			'MODIFIER_SINGLE_CITY_ADJUST_CITY_YIELD_PER_POPULATION',	'RH_REQ_S_MIN_5_Pop_Enable'),
		('RH_CITY_CENTRE_MOD_XS',			'MODIFIER_SINGLE_CITY_ADJUST_CITY_YIELD_PER_POPULATION',	'RH_REQ_S_MIN_5_Pop_Enable'),
		('RH_CITY_CENTRE_MOD',				'MODIFIER_SINGLE_CITY_ADJUST_CITY_YIELD_PER_POPULATION',	'RH_REQ_S_MIN_5_Pop_Enable'),
		('RH_CITY_CENTRE_MOD_S',			'MODIFIER_SINGLE_CITY_ADJUST_CITY_YIELD_PER_POPULATION',	'RH_REQ_S_MIN_5_Pop_Enable'),
		('RH_CITY_CENTRE_MOD_MS',			'MODIFIER_SINGLE_CITY_ADJUST_CITY_YIELD_PER_POPULATION',	'RH_REQ_S_MIN_5_Pop_Enable'),		
		
		('RH_CITY_CENTRE_MOD_XL',			'MODIFIER_SINGLE_CITY_ADJUST_CITY_YIELD_PER_POPULATION',	'RH_REQ_S_MIN_5_Pop_Enable'),
		('RH_CITY_CENTRE_MOD_L',			'MODIFIER_SINGLE_CITY_ADJUST_CITY_YIELD_PER_POPULATION',	'RH_REQ_S_MIN_5_Pop_Enable');


INSERT OR IGNORE INTO ModifierArguments  (ModifierId, Name, Value) VALUES	
		('RH_CITY_CENTRE_MOD_XXS',		'YieldType', 		'YIELD_RH_CITY_CENTRE'),
		('RH_CITY_CENTRE_MOD_XXS',							'Amount'   , 0.1), -- Pvs 3 Total, 0.3

		('RH_CITY_CENTRE_MOD_XS',		'YieldType', 		'YIELD_RH_CITY_CENTRE'),
		('RH_CITY_CENTRE_MOD_XS',							'Amount'   , 1), -- Pvs 4 Total

		('RH_CITY_CENTRE_MOD_MS',		'YieldType', 		'YIELD_RH_CITY_CENTRE'),
		('RH_CITY_CENTRE_MOD_MS',							'Amount'   , 0.35), -- pvs 9, 7, 5, 4 Total, 1

		('RH_CITY_CENTRE_MOD_S',		'YieldType', 		'YIELD_RH_CITY_CENTRE'),
		('RH_CITY_CENTRE_MOD_S',							'Amount'   , 2), -- pvs 9, 12 Total

		('RH_CITY_CENTRE_MOD_L',		'YieldType', 		'YIELD_RH_CITY_CENTRE'),
		('RH_CITY_CENTRE_MOD_L',							'Amount'   , 5), -- pvs 50T

		('RH_CITY_CENTRE_MOD_XL',		'YieldType', 		'YIELD_RH_CITY_CENTRE'),
		('RH_CITY_CENTRE_MOD_XL',							'Amount'   , 10), -- Pvs 175T

		('RH_CITY_CENTRE_MOD',		'YieldType', 		'YIELD_RH_CITY_CENTRE'),
		('RH_CITY_CENTRE_MOD',							'Amount'   , 3); -- Pvs 15T





INSERT INTO BuildingModifiers (BuildingType, ModifierId) VALUES
('BUILDING_MONUMENT', 		'RH_CITY_CENTRE_MOD'),

--('BUILDING_WATER_MILL', 	'RH_CITY_CENTRE_MOD_XXS'), -- Too many
('BUILDING_GRANARY', 		 'RH_CITY_CENTRE_MOD_XXS'), -- pvs 0.35

('BUILDING_STAR_FORT', 		 'RH_CITY_CENTRE_MOD_XS'),
('BUILDING_CASTLE', 		 'RH_CITY_CENTRE_MOD_MS'),
('BUILDING_WALLS', 			 'RH_CITY_CENTRE_MOD_XS'),

('BUILDING_SEWER', 			'RH_CITY_CENTRE_MOD_S'),
('BUILDING_FLOOD_BARRIER', 	'RH_CITY_CENTRE_MOD_XL');


INSERT OR IGNORE INTO BuildingModifiers (BuildingType,			ModifierId)
SELECT 'BUILDING_CONSULATE', 'RH_CITY_CENTRE_MOD_S'
WHERE EXISTS (SELECT * FROM Buildings WHERE BuildingType = 'BUILDING_CONSULATE'); 

-- +2 Influence points per turn. Spies operate at one level lower when targeting this city or cities with Encampments.

--INSERT OR IGNORE INTO BuildingModifiers (BuildingType,			ModifierId)
--SELECT 'BUILDING_CHANCERY', 'RH_CITY_CENTRE_MOD_XS'
--WHERE EXISTS (SELECT * FROM Buildings WHERE BuildingType = 'BUILDING_CHANCERY'); 

-- +3 Influence points per turn. When this civilization captures or kills an enemy Spy, receive 50 Science for every level of the enemy Spy.

INSERT OR IGNORE INTO BuildingModifiers (BuildingType,			ModifierId)
SELECT 'BUILDING_PALGUM', 'RH_CITY_CENTRE_MOD_XL'
WHERE EXISTS (SELECT * FROM Buildings WHERE BuildingType = 'BUILDING_PALGUM'); 




-- 


-- Mayhem 



INSERT OR IGNORE INTO Modifiers  (ModifierId, ModifierType, SubjectRequirementSetId) VALUES		
		('RH_MAYHEM_MOD',				'MODIFIER_PLAYER_CAPITAL_CITY_ADJUST_CITY_YIELD_CHANGE',	'RH_AI_ANCIENT_ONLY_REQ_S'),
		('RH_MAYHEM_MOD_S',				'MODIFIER_PLAYER_CAPITAL_CITY_ADJUST_CITY_YIELD_CHANGE',	'RH_AI_ANCIENT_ONLY_REQ_S'),
		('RH_MAYHEM_MOD_XS',				'MODIFIER_PLAYER_CAPITAL_CITY_ADJUST_CITY_YIELD_CHANGE',	'RH_AI_ANCIENT_ONLY_REQ_S'),		
		
		('RH_MAYHEM_MOD_ML',				'MODIFIER_PLAYER_CAPITAL_CITY_ADJUST_CITY_YIELD_CHANGE',	'RH_AI_ANCIENT_ONLY_REQ_S'),		
		('RH_MAYHEM_MOD_L',				'MODIFIER_PLAYER_CAPITAL_CITY_ADJUST_CITY_YIELD_CHANGE',	'RH_AI_ANCIENT_ONLY_REQ_S'),
		('RH_MAYHEM_MOD_MXL',				'MODIFIER_PLAYER_CAPITAL_CITY_ADJUST_CITY_YIELD_CHANGE',	'RH_AI_ANCIENT_ONLY_REQ_S'),
		('RH_MAYHEM_MOD_XL',				'MODIFIER_PLAYER_CAPITAL_CITY_ADJUST_CITY_YIELD_CHANGE',	'RH_AI_ANCIENT_ONLY_REQ_S');

INSERT OR IGNORE INTO ModifierArguments  (ModifierId, Name, Value) VALUES	
		('RH_MAYHEM_MOD_XL',		'YieldType', 		'YIELD_RH_MAYHEM'),
		('RH_MAYHEM_MOD_XL',							'Amount'   , 950), -- pvs 550

		('RH_MAYHEM_MOD_MXL',		'YieldType', 		'YIELD_RH_MAYHEM'),
		('RH_MAYHEM_MOD_MXL',							'Amount'   , 320), -- pvs 220

		('RH_MAYHEM_MOD_ML',		'YieldType', 		'YIELD_RH_MAYHEM'),
		('RH_MAYHEM_MOD_ML',							'Amount'   , 120), 

		('RH_MAYHEM_MOD_L',		'YieldType', 		'YIELD_RH_MAYHEM'),
		('RH_MAYHEM_MOD_L',							'Amount'   , 80), 

		('RH_MAYHEM_MOD_S',		'YieldType', 		'YIELD_RH_MAYHEM'),
		('RH_MAYHEM_MOD_S',							'Amount'   , 20), 

		('RH_MAYHEM_MOD_XS',		'YieldType', 		'YIELD_RH_MAYHEM'),
		('RH_MAYHEM_MOD_XS',							'Amount'   , 12),

		('RH_MAYHEM_MOD',		'YieldType', 			'YIELD_RH_MAYHEM'),
		('RH_MAYHEM_MOD',								'Amount'   , 55); 
		


INSERT INTO TechnologyModifiers (TechnologyType, ModifierId)  VALUES		

			('TECH_MINING', 				'RH_MAYHEM_MOD_S'), -- For Machinery
			('TECH_IRON_WORKING', 			'RH_MAYHEM_MOD_S'), -- For Machinery
			('TECH_THE_WHEEL', 				'RH_MAYHEM_MOD_S'), -- For Machinery
			('TECH_BRONZE_WORKING', 		'RH_MAYHEM_MOD_S'), -- For Machinery
			('TECH_ENGINEERING', 			'RH_MAYHEM_MOD_S'), -- For Machinery, pvs M, S
			
			('TECH_MACHINERY', 				'RH_MAYHEM_MOD_S'), -- pvs MXL
			
			('TECH_APPRENTICESHIP', 		'RH_MAYHEM_MOD_S'), -- Man at Arms
			('TECH_STIRRUPS', 				'RH_MAYHEM_MOD_S'), -- Knights
			
			('TECH_PRINTING', 				'RH_MAYHEM_MOD_S'), 

			('TECH_GUNPOWDER', 				'RH_MAYHEM_MOD_S'), -- Musketmen
			('TECH_METAL_CASTING', 			'RH_MAYHEM_MOD_S'), -- For Ballistics
			
			('TECH_BALLISTICS', 			'RH_MAYHEM_MOD_S'), --  Field Cannon Cuirassier
			
			('TECH_RIFLING', 				'RH_MAYHEM_MOD_S'), -- Leads to Steel and Refining
			
			('TECH_MILITARY_SCIENCE', 		'RH_MAYHEM_MOD_S'), -- Line Infantry, Cav
			
			('TECH_REFINING', 				'RH_MAYHEM_MOD_S'), -- Oil, Battleships
			('TECH_COMBUSTION', 			'RH_MAYHEM_MOD_S'); -- Tanks
						

INSERT OR IGNORE INTO BuildingModifiers (BuildingType, ModifierId) VALUES
('BUILDING_GOV_MILITARY',					 'RH_MAYHEM_MOD');
			
			

INSERT OR IGNORE INTO PolicyModifiers  (PolicyType, ModifierId)  VALUES	

-- Cav
		('POLICY_MANEUVER', 		  		    'RH_MAYHEM_MOD_S'), -- +50% Production towards all Ancient and Classical era light and heavy cavalry units.
		('POLICY_CHIVALRY', 		    		'RH_MAYHEM_MOD_S'), -- +50% Production toward Industrial era and earlier light and heavy cavalry units.
		('POLICY_LIGHTNING_WARFARE', 		    'RH_MAYHEM_MOD');


INSERT OR IGNORE INTO PolicyModifiers (PolicyType,			ModifierId)
SELECT 'POLICY_TWILIGHT_VALOR', 'RH_MAYHEM_MOD_L'
WHERE EXISTS (SELECT * FROM Policies WHERE PolicyType = 'POLICY_TWILIGHT_VALOR');





INSERT INTO ResolutionEffects ('ResolutionEffectId', 'ResolutionType', 'WhichEffect', 'ModifierId') VALUES
(382, 'WC_RES_PUBLIC_RELATIONS', 2, 'RH_MAYHEM_MOD_ML'); -- 50% Grievances		


INSERT INTO ResolutionEffects ('ResolutionEffectId', 'ResolutionType', 'WhichEffect', 'ModifierId') VALUES
(359, 'WC_RES_SOVEREIGNTY', 2, 		'RH_MAYHEM_MOD');	-- Ban City State Bonus, pvs S



INSERT INTO ResolutionEffects ('ResolutionEffectId', 'ResolutionType', 'WhichEffect', 'ModifierId') VALUES
(733, 'WC_RES_WORLD_RELIGION', 1, 'RH_MAYHEM_MOD_MXL'); -- pvs 110



-- 163 Used			
-- Negative Loyalty for Player
INSERT INTO ResolutionEffects ('ResolutionEffectId', 'ResolutionType', 'WhichEffect', 'ModifierId') VALUES
(362, 'WC_RES_MIGRATION_TREATY', 1, 'RH_MAYHEM_MOD_L');


-- 104 Used
INSERT INTO ResolutionEffects ('ResolutionEffectId', 'ResolutionType', 'WhichEffect', 'ModifierId') VALUES
(302, 'WC_RES_URBAN_DEVELOPMENT', 2, 'RH_MAYHEM_MOD_L'); -- Ban Building


-- Embargo
INSERT INTO ResolutionEffects ('ResolutionEffectId', 'ResolutionType', 'WhichEffect', 'ModifierId') VALUES
(429, 'WC_RES_TRADE_TREATY', 2, 'RH_MAYHEM_MOD_XL'); -- Ban International Routes, pvs 550





-- Espionage
INSERT INTO ResolutionEffects ('ResolutionEffectId', 'ResolutionType', 'WhichEffect', 'ModifierId') VALUES
(393, 'WC_RES_ESPIONAGE_PACT', 1, 'RH_MAYHEM_MOD_MXL'); -- Chance Buff


-- Ban Border Expansion
INSERT INTO ResolutionEffects ('ResolutionEffectId', 'ResolutionType', 'WhichEffect', 'ModifierId') VALUES
(328, 'WC_RES_BORDER_CONTROL', 2, 'RH_MAYHEM_MOD_MXL'); -- Ban Expansion




--INSERT OR IGNORE INTO ResolutionEffects ('ResolutionEffectId', 'ResolutionType', 'WhichEffect', 'ModifierId') VALUES
--(279, 'WC_RES_MERCENARY_COMPANIES', 2, 'RH_MAYHEM_MOD_MXL'); -- 50% Decrease





-----------------------------------------------------------------------


-- RH SCIENCE_VICTORY_BASE Yield


INSERT OR IGNORE INTO Modifiers  (ModifierId, ModifierType, SubjectRequirementSetId) VALUES		
		('RH_SCIENCE_VICTORY_BASE_MOD',					'MODIFIER_PLAYER_CAPITAL_CITY_ADJUST_CITY_YIELD_CHANGE',		'RH_AI_ANCIENT_ONLY_REQ_S'),
		('RH_SCIENCE_VICTORY_BASE_MOD_XS',				'MODIFIER_PLAYER_CAPITAL_CITY_ADJUST_CITY_YIELD_CHANGE',	'RH_AI_ANCIENT_ONLY_REQ_S'),
		('RH_SCIENCE_VICTORY_BASE_MOD_S',				'MODIFIER_PLAYER_CAPITAL_CITY_ADJUST_CITY_YIELD_CHANGE',	'RH_AI_ANCIENT_ONLY_REQ_S'),
		('RH_SCIENCE_VICTORY_BASE_MOD_L',				'MODIFIER_PLAYER_CAPITAL_CITY_ADJUST_CITY_YIELD_CHANGE',	'RH_AI_ANCIENT_ONLY_REQ_S'),
		('RH_SCIENCE_VICTORY_BASE_MOD_ML',				'MODIFIER_PLAYER_CAPITAL_CITY_ADJUST_CITY_YIELD_CHANGE',	'RH_AI_ANCIENT_ONLY_REQ_S'),
		('RH_SCIENCE_VICTORY_BASE_MOD_MXL',				'MODIFIER_PLAYER_CAPITAL_CITY_ADJUST_CITY_YIELD_CHANGE',	'RH_AI_ANCIENT_ONLY_REQ_S'),
		('RH_SCIENCE_VICTORY_BASE_MOD_MINUS',			'MODIFIER_PLAYER_CAPITAL_CITY_ADJUST_CITY_YIELD_CHANGE',	'RH_AI_ANCIENT_ONLY_REQ_S'),
		('RH_SCIENCE_VICTORY_BASE_MOD_XXL',			'MODIFIER_PLAYER_CAPITAL_CITY_ADJUST_CITY_YIELD_CHANGE',		'RH_AI_ANCIENT_ONLY_REQ_S'),		
		('RH_SCIENCE_VICTORY_BASE_MOD_XL',				'MODIFIER_PLAYER_CAPITAL_CITY_ADJUST_CITY_YIELD_CHANGE',	'RH_AI_ANCIENT_ONLY_REQ_S');

INSERT OR IGNORE INTO ModifierArguments  (ModifierId, Name, Value) VALUES	
		('RH_SCIENCE_VICTORY_BASE_MOD_XXL',		'YieldType', 	'YIELD_RH_SCIENCE_VICTORY_BASE'),
		('RH_SCIENCE_VICTORY_BASE_MOD_XXL',						'Amount'   , 750), 

		('RH_SCIENCE_VICTORY_BASE_MOD_XL',		'YieldType', 	'YIELD_RH_SCIENCE_VICTORY_BASE'),
		('RH_SCIENCE_VICTORY_BASE_MOD_XL',						'Amount'   , 400), 

		('RH_SCIENCE_VICTORY_BASE_MOD_MXL',		'YieldType', 	'YIELD_RH_SCIENCE_VICTORY_BASE'),
		('RH_SCIENCE_VICTORY_BASE_MOD_MXL',						'Amount'   , 250), 

		('RH_SCIENCE_VICTORY_BASE_MOD_L',		'YieldType', 		'YIELD_RH_SCIENCE_VICTORY_BASE'),
		('RH_SCIENCE_VICTORY_BASE_MOD_L',							'Amount'   , 180), 

		('RH_SCIENCE_VICTORY_BASE_MOD_ML',		'YieldType', 		'YIELD_RH_SCIENCE_VICTORY_BASE'),
		('RH_SCIENCE_VICTORY_BASE_MOD_ML',							'Amount'   , 100), -- pvs 75

		('RH_SCIENCE_VICTORY_BASE_MOD_S',		'YieldType', 		'YIELD_RH_SCIENCE_VICTORY_BASE'),
		('RH_SCIENCE_VICTORY_BASE_MOD_S',							'Amount'   , 15),

		('RH_SCIENCE_VICTORY_BASE_MOD_XS',		'YieldType', 		'YIELD_RH_SCIENCE_VICTORY_BASE'),
		('RH_SCIENCE_VICTORY_BASE_MOD_XS',							'Amount'   , 5),

		('RH_SCIENCE_VICTORY_BASE_MOD_MINUS',		'YieldType', 		'YIELD_RH_SCIENCE_VICTORY_BASE'),
		('RH_SCIENCE_VICTORY_BASE_MOD_MINUS',							'Amount'   , '-90'),

		('RH_SCIENCE_VICTORY_BASE_MOD',			'YieldType', 		'YIELD_RH_SCIENCE_VICTORY_BASE'),
		('RH_SCIENCE_VICTORY_BASE_MOD',								'Amount'   , 50);



INSERT INTO TechnologyModifiers (TechnologyType, ModifierId)  VALUES
			('TECH_POTTERY', 					'RH_SCIENCE_VICTORY_BASE_MOD'), -- For Writing
			('TECH_WRITING', 					'RH_SCIENCE_VICTORY_BASE_MOD'),

			('TECH_EDUCATION', 					'RH_SCIENCE_VICTORY_BASE_MOD'),

			('TECH_MACHINERY', 					'RH_SCIENCE_VICTORY_BASE_MOD'),
			
			('TECH_MASS_PRODUCTION', 			'RH_SCIENCE_VICTORY_BASE_MOD'),			
			('TECH_INDUSTRIALIZATION', 			'RH_SCIENCE_VICTORY_BASE_MOD'),
			('TECH_SCIENTIFIC_THEORY', 			'RH_SCIENCE_VICTORY_BASE_MOD_S'),			
			
			('TECH_BALLISTICS', 				'RH_SCIENCE_VICTORY_BASE_MOD'), -- Defence			
			
			
			
			('TECH_CHEMISTRY', 				'RH_SCIENCE_VICTORY_BASE_MOD'),		
			
			-- Victory
			
			('TECH_ADVANCED_FLIGHT', 			'RH_SCIENCE_VICTORY_BASE_MOD'), -- Needed for satellites as well
			
			
			-- Bottom of Tree for Nanotech
			('TECH_SYNTHETIC_MATERIALS', 		'RH_SCIENCE_VICTORY_BASE_MOD_S'), -- For Nanotech
			('TECH_PLASTICS', 					'RH_SCIENCE_VICTORY_BASE_MOD_S'), -- For Nanotech
			('TECH_COMPOSITES', 				'RH_SCIENCE_VICTORY_BASE_MOD_ML'), -- For Nanotech
			('TECH_NANOTECHNOLOGY', 			'RH_SCIENCE_VICTORY_BASE_MOD_MXL'), -- Phase 3

			-- Final Techs
			('TECH_OFFWORLD_MISSION', 				'RH_SCIENCE_VICTORY_BASE_MOD_MXL'), 
			('TECH_SMART_MATERIALS', 				'RH_SCIENCE_VICTORY_BASE_MOD_MXL'), 

			('TECH_ROCKETRY', 						'RH_SCIENCE_VICTORY_BASE_MOD_ML'), -- Phase 1
			('TECH_SATELLITES', 					'RH_SCIENCE_VICTORY_BASE_MOD_MXL'), -- Phase 2

			('TECH_NUCLEAR_FUSION', 				'RH_SCIENCE_VICTORY_BASE_MOD');






INSERT OR IGNORE INTO CivicModifiers (CivicType, ModifierId)  VALUES	
			('CIVIC_NUCLEAR_PROGRAM', 					'RH_SCIENCE_VICTORY_BASE_MOD_XL'), -- pvs mxl
			
			('CIVIC_NATIONALISM', 						'RH_SCIENCE_VICTORY_BASE_MOD_XL'),

			('CIVIC_MOBILIZATION', 						'RH_SCIENCE_VICTORY_BASE_MOD_XL'),

			('CIVIC_RECORDED_HISTORY', 					'RH_SCIENCE_VICTORY_BASE_MOD_ML'); -- Campus Adj Card



INSERT OR IGNORE INTO PolicyModifiers  (PolicyType, ModifierId)  VALUES	
		('POLICY_CRYPTOGRAPHY', 		  		    'RH_SCIENCE_VICTORY_BASE_MOD_L'); -- Stop Spying

		

INSERT OR IGNORE INTO ImprovementModifiers (ImprovementType, ModifierId) VALUES

('IMPROVEMENT_MINE',					 'RH_SCIENCE_VICTORY_BASE_MOD');


INSERT OR IGNORE INTO GreatPersonIndividualActionModifiers  (GreatPersonIndividualType, ModifierId, AttachmentTargetType)  VALUES	

-- Admiral
		('GREAT_PERSON_INDIVIDUAL_GRACE_HOPPER', 		 		 'RH_SCIENCE_VICTORY_BASE_MOD_XXL', 'GREAT_PERSON_ACTION_ATTACHMENT_TARGET_PLAYER'), -- 2 Free Technologies

-- Merchant

		('GREAT_PERSON_INDIVIDUAL_ESTEE_LAUDER', 		 		 'RH_SCIENCE_VICTORY_BASE_MOD_L', 'GREAT_PERSON_ACTION_ATTACHMENT_TARGET_PLAYER'),  -- 2 Perfume -- +6 Ameneties
		('GREAT_PERSON_INDIVIDUAL_MARY_KATHERINE_GODDARD', 		 'RH_SCIENCE_VICTORY_BASE_MOD_L', 'GREAT_PERSON_ACTION_ATTACHMENT_TARGET_PLAYER'), -- 1 Diplomatic Visibility

-- Scientist
		('GREAT_PERSON_INDIVIDUAL_ALBERT_EINSTEIN', 		  'RH_SCIENCE_VICTORY_BASE_MOD_L', 'GREAT_PERSON_ACTION_ATTACHMENT_TARGET_PLAYER'), -- pvs 100
		('GREAT_PERSON_INDIVIDUAL_ISAAC_NEWTON', 		 	  'RH_SCIENCE_VICTORY_BASE_MOD_L', 'GREAT_PERSON_ACTION_ATTACHMENT_TARGET_PLAYER'), -- pvs 100

		('GREAT_PERSON_INDIVIDUAL_CARL_SAGAN', 		  'RH_SCIENCE_VICTORY_BASE_MOD_XXL', 'GREAT_PERSON_ACTION_ATTACHMENT_TARGET_PLAYER'), -- Very end game
		('GREAT_PERSON_INDIVIDUAL_STEPHANIE_KWOLEK', 	  'RH_SCIENCE_VICTORY_BASE_MOD_XXL', 'GREAT_PERSON_ACTION_ATTACHMENT_TARGET_PLAYER'),
		
-- Engineers

		('GREAT_PERSON_INDIVIDUAL_LEONARDO_DA_VINCI', 		 	  'RH_SCIENCE_VICTORY_BASE_MOD_XXL', 'GREAT_PERSON_ACTION_ATTACHMENT_TARGET_PLAYER'),

		('GREAT_PERSON_INDIVIDUAL_JAMES_WATT', 		 			  'RH_SCIENCE_VICTORY_BASE_MOD_L', 'GREAT_PERSON_ACTION_ATTACHMENT_TARGET_PLAYER'), -- Instantly builds a Workshop and a Factory in this district. Factories provide +2 Production to their city.

-- Space Race
		('GREAT_PERSON_INDIVIDUAL_WERNHER_VON_BRAUN', 		 	  'RH_SCIENCE_VICTORY_BASE_MOD_XXL', 'GREAT_PERSON_ACTION_ATTACHMENT_TARGET_PLAYER'),

		('GREAT_PERSON_INDIVIDUAL_SERGEI_KOROLEV', 		 		 'RH_SCIENCE_VICTORY_BASE_MOD_XL', 'GREAT_PERSON_ACTION_ATTACHMENT_TARGET_PLAYER'),
		('GREAT_PERSON_INDIVIDUAL_ROBERT_GODDARD', 	 			 'RH_SCIENCE_VICTORY_BASE_MOD_XL', 'GREAT_PERSON_ACTION_ATTACHMENT_TARGET_PLAYER');



--		<Row GreatPersonIndividualType="GREAT_PERSON_INDIVIDUAL_ABDUS_SALAM" ModifierId="GREATPERSON_ALLINFORMATIONTECHBOOSTS" AttachmentTargetType="GREAT_PERSON_ACTION_ATTACHMENT_TARGET_DISTRICT_IN_TILE"/>
--		<Row GreatPersonIndividualType="GREAT_PERSON_INDIVIDUAL_CARL_SAGAN" ModifierId="GREATPERSON_GRANT_PRODUCTION_IN_CITY_LATE_SPACE_RACE" AttachmentTargetType="GREAT_PERSON_ACTION_ATTACHMENT_TARGET_DISTRICT_IN_TILE"/>
--		<Row GreatPersonIndividualType="GREAT_PERSON_INDIVIDUAL_STEPHANIE_KWOLEK" ModifierId="GREATPERSON_SPACE_RACE_PRODUCTION_RATE_LARGE" AttachmentTargetType="GREAT_PERSON_ACTION_ATTACHMENT_TARGET_DISTRICT_IN_TILE"/>




INSERT OR IGNORE INTO DistrictModifiers (DistrictType, ModifierId) VALUES
('DISTRICT_CAMPUS',						 'RH_SCIENCE_VICTORY_BASE_MOD'),

('DISTRICT_HANSA',						 'RH_SCIENCE_VICTORY_BASE_MOD_XL'),

('DISTRICT_ROYAL_NAVY_DOCKYARD',		 'RH_SCIENCE_VICTORY_BASE_MOD_XL'),

('DISTRICT_SEOWON',						 'RH_SCIENCE_VICTORY_BASE_MOD_L');


INSERT INTO BuildingModifiers (BuildingType, ModifierId) VALUES

('BUILDING_RESEARCH_LAB', 				'RH_SCIENCE_VICTORY_BASE_MOD_MXL'), 
('BUILDING_UNIVERSITY', 				'RH_SCIENCE_VICTORY_BASE_MOD_L'), 
('BUILDING_LIBRARY', 					'RH_SCIENCE_VICTORY_BASE_MOD_ML'), 

('BUILDING_WORKSHOP', 					'RH_SCIENCE_VICTORY_BASE_MOD'), 
('BUILDING_FACTORY', 					'RH_SCIENCE_VICTORY_BASE_MOD'), 
('BUILDING_COAL_POWER_PLANT',			'RH_SCIENCE_VICTORY_BASE_MOD_ML'), 

('BUILDING_AMPHITHEATER',				'RH_SCIENCE_VICTORY_BASE_MOD'), 

('BUILDING_COLOSSEUM', 					'RH_SCIENCE_VICTORY_BASE_MOD_XL'), 

('BUILDING_BIG_BEN', 					'RH_SCIENCE_VICTORY_BASE_MOD'), 
('BUILDING_ORACLE', 					'RH_SCIENCE_VICTORY_BASE_MOD'), 
('BUILDING_VENETIAN_ARSENAL', 			'RH_SCIENCE_VICTORY_BASE_MOD');


-- Other Unique Buildings
INSERT OR IGNORE INTO BuildingModifiers (BuildingType, ModifierId)
SELECT BuildingType, 'RH_SCIENCE_VICTORY_BASE_MOD_MXL' 
FROM Buildings
WHERE TraitType IS NOT NULL
AND PrereqDistrict = 'DISTRICT_CAMPUS';



INSERT OR IGNORE INTO BuildingModifiers (BuildingType,			ModifierId) -- Persia Macadon dlc wonder
SELECT 'BUILDING_HALICARNASSUS_MAUSOLEUM', 'RH_SCIENCE_VICTORY_BASE_MOD_XL'
WHERE EXISTS (SELECT * FROM Buildings WHERE BuildingType = 'BUILDING_HALICARNASSUS_MAUSOLEUM'); 

INSERT OR IGNORE INTO BuildingModifiers (BuildingType,			ModifierId)
SELECT 'BUILDING_AMUNDSEN_SCOTT_RESEARCH_STATION', 'RH_SCIENCE_VICTORY_BASE_MOD_XL'
WHERE EXISTS (SELECT * FROM Buildings WHERE BuildingType = 'BUILDING_AMUNDSEN_SCOTT_RESEARCH_STATION'); 

INSERT OR IGNORE INTO BuildingModifiers (BuildingType,			ModifierId)
SELECT 'BUILDING_KILWA_KISIWANI', 'RH_SCIENCE_VICTORY_BASE_MOD_MXL'
WHERE EXISTS (SELECT * FROM Buildings WHERE BuildingType = 'BUILDING_KILWA_KISIWANI'); 

INSERT OR IGNORE INTO BuildingModifiers (BuildingType,			ModifierId)
SELECT 'BUILDING_ESTADIO_DO_MARACANA', 'RH_SCIENCE_VICTORY_BASE_MOD_MXL'
WHERE EXISTS (SELECT * FROM Buildings WHERE BuildingType = 'BUILDING_ESTADIO_DO_MARACANA'); 

INSERT OR IGNORE INTO BuildingModifiers (BuildingType,			ModifierId)
SELECT 'BUILDING_TEMPLE_ARTEMIS', 'RH_SCIENCE_VICTORY_BASE_MOD_ML'
WHERE EXISTS (SELECT * FROM Buildings WHERE BuildingType = 'BUILDING_TEMPLE_ARTEMIS'); 




/*
INSERT OR IGNORE INTO BeliefModifiers (BeliefType        ,ModifierId)   VALUES

('BELIEF_GURDWARA',				'RH_SCIENCE_VICTORY_BASE_MOD_XS'), -- +2 Food, 1 Housing, 3 Faith
('BELIEF_CHORAL_MUSIC',			'RH_SCIENCE_VICTORY_BASE_MOD_ML'), -- +2 Buildings SCIENCE

-- Defence
('BELIEF_DEFENDER_OF_FAITH',				'RH_SCIENCE_VICTORY_BASE_MOD_S');
*/


INSERT OR IGNORE INTO BeliefModifiers (BeliefType,			ModifierId)
SELECT 'BELIEF_CROSS_CULTURAL_DIALOGUE', 'RH_SCIENCE_VICTORY_BASE_MOD_S'
WHERE EXISTS (SELECT * FROM Beliefs WHERE BeliefType = 'BELIEF_CROSS_CULTURAL_DIALOGUE'); -- +1 SCIENCE 4 Followers





/*
('SCIENCEVictoryYields', 'YIELD_RH_PATRONAGE_DOUBLE',   		1, 660), -- pvs 500
('SCIENCEVictoryYields', 'YIELD_RH_HERITAGE_ORG_DOUBLE',   		1, 920), -- pvs 750
('SCIENCEVictoryYields', 'YIELD_RH_MERCENARY_COMPANIES_DOUBLE',   1, 850),

('SCIENCEVictoryYields', 'YIELD_RH_PUBLIC_RELATIONS_BUFF',   1, 450),

('SCIENCEVictoryYields', 'YIELD_RH_PUBLIC_WORKS_DOUBLE',   1, 550), -- Nerf Science Victory

('SCIENCEVictoryYields', 'YIELD_RH_ESPIONAGE_PACT_DOUBLE',   1, 50), -- Steal Tech etc
*/


/*
INSERT OR IGNORE INTO ResolutionEffects ('ResolutionEffectId', 'ResolutionType', 'WhichEffect', 'ModifierId') VALUES
(251, 'WC_RES_PATRONAGE', 1, 'RH_SCIENCE_VICTORY_BASE_MOD_MXL'); -- Double

INSERT OR IGNORE INTO ResolutionEffects ('ResolutionEffectId', 'ResolutionType', 'WhichEffect', 'ModifierId') VALUES
(252, 'WC_RES_HERITAGE_ORG', 1, 'RH_SCIENCE_VICTORY_BASE_MOD_XL'); -- Double

INSERT OR IGNORE INTO ResolutionEffects ('ResolutionEffectId', 'ResolutionType', 'WhichEffect', 'ModifierId') VALUES
(253, 'WC_RES_MERCENARY_COMPANIES', 1, 'RH_SCIENCE_VICTORY_BASE_MOD_XL'); -- Double cost (AI absolutely loves the other option)

INSERT OR IGNORE INTO ResolutionEffects ('ResolutionEffectId', 'ResolutionType', 'WhichEffect', 'ModifierId') VALUES
(254, 'WC_RES_PUBLIC_RELATIONS', 1, 'RH_SCIENCE_VICTORY_BASE_MOD_L'); -- Double Grievances -- 100%
*/


INSERT OR IGNORE INTO ResolutionEffects ('ResolutionEffectId', 'ResolutionType', 'WhichEffect', 'ModifierId') VALUES
(258, 'WC_RES_PUBLIC_WORKS', 2, 'RH_SCIENCE_VICTORY_BASE_MOD_L'); -- Half Cost


--INSERT OR IGNORE INTO ResolutionEffects ('ResolutionEffectId', 'ResolutionType', 'WhichEffect', 'ModifierId') VALUES
--(259, 'WC_RES_ESPIONAGE_PACT', 1, 'RH_SCIENCE_VICTORY_BASE_MOD_L'); -- Double



--------------------------------------------------------------------------------------------
-- RV BASE



-- RH RV_BASE Yield


INSERT OR IGNORE INTO Modifiers  (ModifierId, ModifierType, SubjectRequirementSetId) VALUES		
		('RH_RV_BASE_MOD',					'MODIFIER_PLAYER_CAPITAL_CITY_ADJUST_CITY_YIELD_CHANGE',		'RH_AI_ANCIENT_ONLY_REQ_S'),
		('RH_RV_BASE_MOD_XS',				'MODIFIER_PLAYER_CAPITAL_CITY_ADJUST_CITY_YIELD_CHANGE',	'RH_AI_ANCIENT_ONLY_REQ_S'),
		('RH_RV_BASE_MOD_S',				'MODIFIER_PLAYER_CAPITAL_CITY_ADJUST_CITY_YIELD_CHANGE',	'RH_AI_ANCIENT_ONLY_REQ_S'),
		('RH_RV_BASE_MOD_L',				'MODIFIER_PLAYER_CAPITAL_CITY_ADJUST_CITY_YIELD_CHANGE',	'RH_AI_ANCIENT_ONLY_REQ_S'),
		('RH_RV_BASE_MOD_ML',				'MODIFIER_PLAYER_CAPITAL_CITY_ADJUST_CITY_YIELD_CHANGE',	'RH_AI_ANCIENT_ONLY_REQ_S'),
		('RH_RV_BASE_MOD_MXL',				'MODIFIER_PLAYER_CAPITAL_CITY_ADJUST_CITY_YIELD_CHANGE',	'RH_AI_ANCIENT_ONLY_REQ_S'),
		('RH_RV_BASE_MOD_MINUS',			'MODIFIER_PLAYER_CAPITAL_CITY_ADJUST_CITY_YIELD_CHANGE',	'RH_AI_ANCIENT_ONLY_REQ_S'),
		('RH_RV_BASE_MOD_XL',				'MODIFIER_PLAYER_CAPITAL_CITY_ADJUST_CITY_YIELD_CHANGE',	'RH_AI_ANCIENT_ONLY_REQ_S');

INSERT OR IGNORE INTO ModifierArguments  (ModifierId, Name, Value) VALUES	
		('RH_RV_BASE_MOD_XL',		'YieldType', 	'YIELD_RH_RV_BASE'),
		('RH_RV_BASE_MOD_XL',						'Amount'   , 750), 

		('RH_RV_BASE_MOD_MXL',		'YieldType', 	'YIELD_RH_RV_BASE'),
		('RH_RV_BASE_MOD_MXL',						'Amount'   , 300), 

		('RH_RV_BASE_MOD_L',		'YieldType', 		'YIELD_RH_RV_BASE'),
		('RH_RV_BASE_MOD_L',							'Amount'   , 235), 

		('RH_RV_BASE_MOD_ML',		'YieldType', 		'YIELD_RH_RV_BASE'),
		('RH_RV_BASE_MOD_ML',							'Amount'   , 80), 

		('RH_RV_BASE_MOD_S',		'YieldType', 		'YIELD_RH_RV_BASE'),
		('RH_RV_BASE_MOD_S',							'Amount'   , 20),

		('RH_RV_BASE_MOD_XS',		'YieldType', 		'YIELD_RH_RV_BASE'),
		('RH_RV_BASE_MOD_XS',							'Amount'   , 5),

		('RH_RV_BASE_MOD_MINUS',		'YieldType', 		'YIELD_RH_RV_BASE'),
		('RH_RV_BASE_MOD_MINUS',							'Amount'   , '-90'),

		('RH_RV_BASE_MOD',			'YieldType', 		'YIELD_RH_RV_BASE'),
		('RH_RV_BASE_MOD',								'Amount'   , 55);



INSERT INTO TechnologyModifiers (TechnologyType, ModifierId)  VALUES
			('TECH_ASTROLOGY', 					'RH_RV_BASE_MOD');



/*
INSERT OR IGNORE INTO CivicModifiers (CivicType, ModifierId)  VALUES	
			('CIVIC_NUCLEAR_PROGRAM', 					'RH_RV_BASE_MOD_XL'), -- pvs mxl
			
			('CIVIC_NATIONALISM', 						'RH_RV_BASE_MOD_XL'),

			('CIVIC_MOBILIZATION', 						'RH_RV_BASE_MOD_XL'),

			('CIVIC_RECORDED_HISTORY', 					'RH_RV_BASE_MOD_ML'); -- Campus Adj Card
*/


--INSERT OR IGNORE INTO PolicyModifiers  (PolicyType, ModifierId)  VALUES	
--		('POLICY_CRYPTOGRAPHY', 		  		    'RH_RV_BASE_MOD_L'); -- Stop Spying

		

--INSERT OR IGNORE INTO ImprovementModifiers (ImprovementType, ModifierId) VALUES

--('IMPROVEMENT_MINE',					 'RH_RV_BASE_MOD');



INSERT OR IGNORE INTO DistrictModifiers (DistrictType, ModifierId) VALUES
('DISTRICT_HOLY_SITE',						 'RH_RV_BASE_MOD_ML'),
('DISTRICT_LAVRA',							 'RH_RV_BASE_MOD_ML');


INSERT INTO BuildingModifiers (BuildingType, ModifierId) VALUES

('BUILDING_SHRINE', 				'RH_RV_BASE_MOD_L'), 
('BUILDING_TEMPLE', 				'RH_RV_BASE_MOD_MXL'),

('BUILDING_CATHEDRAL', 				'RH_RV_BASE_MOD'), 
('BUILDING_DAR_E_MEHR', 			'RH_RV_BASE_MOD_S'), 
('BUILDING_MEETING_HOUSE', 			'RH_RV_BASE_MOD_ML'), 
('BUILDING_MOSQUE', 				'RH_RV_BASE_MOD_ML'), 
('BUILDING_PAGODA', 				'RH_RV_BASE_MOD_ML'), 
('BUILDING_STUPA', 					'RH_RV_BASE_MOD_ML'), 
('BUILDING_SYNAGOGUE', 				'RH_RV_BASE_MOD_S'), 
('BUILDING_WAT', 					'RH_RV_BASE_MOD_S'); 



INSERT OR IGNORE INTO BuildingModifiers (BuildingType,			ModifierId)
SELECT 'BUILDING_STAVE_CHURCH', 'RH_RV_BASE_MOD_L'
WHERE EXISTS (SELECT * FROM Buildings WHERE BuildingType = 'BUILDING_STAVE_CHURCH'); 

INSERT OR IGNORE INTO BuildingModifiers (BuildingType,			ModifierId)
SELECT 'BUILDING_PRASAT', 'RH_RV_BASE_MOD_XL'
WHERE EXISTS (SELECT * FROM Buildings WHERE BuildingType = 'BUILDING_PRASAT'); 


-- Other Unique Buildings
INSERT OR IGNORE INTO BuildingModifiers (BuildingType, ModifierId)
SELECT BuildingType, 'RH_RV_BASE_MOD_MXL' 
FROM Buildings
WHERE TraitType IS NOT NULL
AND PrereqDistrict = 'DISTRICT_HOLY_SITE';




--INSERT OR IGNORE INTO BuildingModifiers (BuildingType,			ModifierId)
--SELECT 'BUILDING_TEMPLE_ARTEMIS', 'RH_RV_BASE_MOD_ML'
--WHERE EXISTS (SELECT * FROM Buildings WHERE BuildingType = 'BUILDING_TEMPLE_ARTEMIS'); 



/*
INSERT OR IGNORE INTO BeliefModifiers (BeliefType        ,ModifierId)   VALUES

('BELIEF_GURDWARA',				'RH_RV_BASE_MOD_XS'), -- +2 Food, 1 Housing, 3 Faith
('BELIEF_CHORAL_MUSIC',			'RH_RV_BASE_MOD_ML'), -- +2 Buildings SCIENCE

-- Defence
('BELIEF_DEFENDER_OF_FAITH',				'RH_RV_BASE_MOD_S');
*/


--INSERT OR IGNORE INTO BeliefModifiers (BeliefType,			ModifierId)
--SELECT 'BELIEF_CROSS_CULTURAL_DIALOGUE', 'RH_RV_BASE_MOD_S'
--WHERE EXISTS (SELECT * FROM Beliefs WHERE BeliefType = 'BELIEF_CROSS_CULTURAL_DIALOGUE'); -- +1 SCIENCE 4 Followers


INSERT INTO ResolutionEffects ('ResolutionEffectId', 'ResolutionType', 'WhichEffect', 'ModifierId') VALUES
(554, 'WC_RES_MERCENARY_COMPANIES', 2, 'RH_RV_BASE_MOD_MXL'); -- Double cost (AI absolutely loves the other option)



/*
INSERT OR IGNORE INTO ResolutionEffects ('ResolutionEffectId', 'ResolutionType', 'WhichEffect', 'ModifierId') VALUES
(251, 'WC_RES_PATRONAGE', 1, 'RH_RV_BASE_MOD_MXL'); -- Double

INSERT OR IGNORE INTO ResolutionEffects ('ResolutionEffectId', 'ResolutionType', 'WhichEffect', 'ModifierId') VALUES
(252, 'WC_RES_HERITAGE_ORG', 1, 'RH_RV_BASE_MOD_XL'); -- Double


INSERT OR IGNORE INTO ResolutionEffects ('ResolutionEffectId', 'ResolutionType', 'WhichEffect', 'ModifierId') VALUES
(254, 'WC_RES_PUBLIC_RELATIONS', 1, 'RH_RV_BASE_MOD_L'); -- Double Grievances -- 100%
*/


--INSERT OR IGNORE INTO ResolutionEffects ('ResolutionEffectId', 'ResolutionType', 'WhichEffect', 'ModifierId') VALUES
--(258, 'WC_RES_PUBLIC_WORKS', 2, 'RH_RV_BASE_MOD_L'); -- Half Cost


--INSERT OR IGNORE INTO ResolutionEffects ('ResolutionEffectId', 'ResolutionType', 'WhichEffect', 'ModifierId') VALUES
--(259, 'WC_RES_ESPIONAGE_PACT', 1, 'RH_RV_BASE_MOD_L'); -- Double























------------------------------------------------------------------------------------------------
-- RH TEMP




-- Astrology

INSERT OR IGNORE INTO Modifiers   (ModifierId, ModifierType, SubjectRequirementSetId) VALUES	
		('RH_FAITH_TEMP_S',	'MODIFIER_PLAYER_CAPITAL_CITY_ADJUST_CITY_YIELD_CHANGE',	'RH_AI_ANCIENT_ONLY_REQ_S');		
		
INSERT OR IGNORE INTO ModifierArguments  (ModifierId, Name, Value) VALUES	

		('RH_FAITH_TEMP_S',		'YieldType', 		'YIELD_FAITH'),
		('RH_FAITH_TEMP_S',							'Amount'   , 500); 


INSERT OR IGNORE INTO TechnologyModifiers (TechnologyType, ModifierId)  VALUES
			('TECH_ASTROLOGY', 					'RH_FAITH_TEMP_S');
			
			
-- Astrology

INSERT OR IGNORE INTO Modifiers   (ModifierId, ModifierType, SubjectRequirementSetId) VALUES	
		('RH_SCI_TEMP_S',	'MODIFIER_PLAYER_CAPITAL_CITY_ADJUST_CITY_YIELD_CHANGE',	'RH_AI_ANCIENT_ONLY_REQ_S'),		
		('RH_SCI_TEMP_S2',	'MODIFIER_PLAYER_CAPITAL_CITY_ADJUST_CITY_YIELD_CHANGE',	'RH_AI_ANCIENT_ONLY_REQ_S');			
		
INSERT OR IGNORE INTO ModifierArguments  (ModifierId, Name, Value) VALUES	

		('RH_SCI_TEMP_S',		'YieldType', 		'YIELD_SCIENCE'),
		('RH_SCI_TEMP_S',							'Amount'   , 500), 

		('RH_SCI_TEMP_S2',		'YieldType', 		'YIELD_SCIENCE'),
		('RH_SCI_TEMP_S2',							'Amount'   , 350); 


INSERT OR IGNORE INTO TechnologyModifiers (TechnologyType, ModifierId)  VALUES
			('TECH_WRITING', 					'RH_SCI_TEMP_S'),
			('TECH_INDUSTRIALIZATION', 			'RH_SCI_TEMP_S'),			
	
			('TECH_EDUCATION', 					'RH_SCI_TEMP_S2'),				
	
			('TECH_NANOTECHNOLOGY', 			'RH_SCI_TEMP_S2'),	

			('TECH_ROCKETRY', 					'RH_SCI_TEMP_S2'),	
			('TECH_SATELLITES', 				'RH_SCI_TEMP_S2'),				
			
			('TECH_OFFWORLD_MISSION', 			'RH_SCI_TEMP_S2'),	
			('TECH_SMART_MATERIALS', 			'RH_SCI_TEMP_S2'),	

			('TECH_CHEMISTRY', 					'RH_SCI_TEMP_S');
			
			
			
			
			

INSERT OR IGNORE INTO	Modifiers	(ModifierId,				ModifierType, 			SubjectRequirementSetId) VALUES		
			('RH_MILITARY_TRADITION',	'MODIFIER_PLAYER_ADJUST_GREAT_PERSON_POINTS', 'RH_AI_ANCIENT_ONLY_REQ_S'),
			('RH_MILITARY_TRADITION_M',	'MODIFIER_PLAYER_ADJUST_GREAT_PERSON_POINTS', 'RH_AI_ANCIENT_ONLY_REQ_S');

INSERT OR IGNORE INTO	ModifierArguments	(ModifierId,									Name,				Value) VALUES	
			('RH_MILITARY_TRADITION',				'GreatPersonClassType',		        'GREAT_PERSON_CLASS_GENERAL'),	
			('RH_MILITARY_TRADITION',				'Amount',					950), -- pvs 3, 4, 7, 10, 12, 24, 45, 50, 75, 110, 400

			('RH_MILITARY_TRADITION_M',				'GreatPersonClassType',		        'GREAT_PERSON_CLASS_GENERAL'),	
			('RH_MILITARY_TRADITION_M',				'Amount',					700); -- pvs 4, 10, 16, 45, 50, 60, 150


INSERT INTO CivicModifiers (CivicType, ModifierId) VALUES

('CIVIC_MILITARY_TRADITION', 			'RH_MILITARY_TRADITION_M');


INSERT OR IGNORE INTO PolicyModifiers  (PolicyType, ModifierId)  VALUES	

		('POLICY_MILITARY_ORGANIZATION', 		 'RH_MILITARY_TRADITION'), -- 2 Armory, 4 Military Academy

		('POLICY_STRATEGOS', 		 	 		 'RH_MILITARY_TRADITION');


INSERT OR IGNORE INTO DistrictModifiers (DistrictType, ModifierId) VALUES
('DISTRICT_ENCAMPMENT',						 'RH_MILITARY_TRADITION_M');

INSERT INTO BuildingModifiers (BuildingType, ModifierId) VALUES

('BUILDING_TERRACOTTA_ARMY', 				'RH_MILITARY_TRADITION_M');



INSERT OR IGNORE INTO Modifiers   (ModifierId, ModifierType, SubjectRequirementSetId) VALUES	
		('RH_PRI_1',	'MODIFIER_PLAYER_CAPITAL_CITY_ADJUST_CITY_YIELD_CHANGE',	'RH_AI_ANCIENT_ONLY_REQ_S'),		
		('RH_PRI_2',	'MODIFIER_PLAYER_CAPITAL_CITY_ADJUST_CITY_YIELD_CHANGE',	'RH_AI_ANCIENT_ONLY_REQ_S');			
		
INSERT OR IGNORE INTO ModifierArguments  (ModifierId, Name, Value) VALUES	

		('RH_PRI_1',		'YieldType', 		'YIELD_FOOD'),
		('RH_PRI_1',							'Amount'   , 350), 

		('RH_PRI_2',		'YieldType', 		'YIELD_FOOD'),
		('RH_PRI_2',							'Amount'   , 100); 



INSERT INTO CivicModifiers (CivicType, ModifierId) VALUES

('CIVIC_DEFENSIVE_TACTICS', 			'RH_PRI_2'),

('CIVIC_FEUDALISM', 					'RH_PRI_1');


------------------------------------------------------------------------------------------

-- Harbor / Commerical Hub Test


INSERT OR IGNORE INTO Requirements   	(RequirementId, RequirementType)  VALUES	
		('RH_AI_COMMERICAL_LOW_ADJ', 		'REQUIREMENT_CITY_HAS_HIGH_ADJACENCY_DISTRICT'),
		('RH_AI_HARBOR_LOW_ADJ', 			'REQUIREMENT_CITY_HAS_HIGH_ADJACENCY_DISTRICT'),
		('RH_AI_HOLY_SITE_LOW_ADJ', 			'REQUIREMENT_CITY_HAS_HIGH_ADJACENCY_DISTRICT');		
		
		

INSERT OR IGNORE INTO RequirementArguments   (RequirementId,	Name, Value)  VALUES	
('RH_AI_COMMERICAL_LOW_ADJ', 'DistrictType', 'DISTRICT_HOLY_SITE'),
('RH_AI_COMMERICAL_LOW_ADJ', 'YieldType', 'YIELD_GOLD'),
('RH_AI_COMMERICAL_LOW_ADJ', 'Amount', '1'),

('RH_AI_HARBOR_LOW_ADJ', 	'DistrictType', 'DISTRICT_HOLY_SITE'),
('RH_AI_HARBOR_LOW_ADJ', 	'YieldType', 'YIELD_GOLD'),
('RH_AI_HARBOR_LOW_ADJ',	 'Amount', '1'),

('RH_AI_HOLY_SITE_LOW_ADJ', 	'DistrictType', 'DISTRICT_HOLY_SITE'),
('RH_AI_HOLY_SITE_LOW_ADJ', 	'YieldType', 'YIELD_FAITH'),
('RH_AI_HOLY_SITE_LOW_ADJ',	 'Amount', '1');


----------------------------------------------------------------------------
-- Lighthouse Test


INSERT OR IGNORE INTO RequirementSets (RequirementSetId, RequirementSetType)  VALUES
		('RH_REQ_S_Harbor', 'REQUIREMENTSET_TEST_ALL');

INSERT OR IGNORE INTO RequirementSetRequirements (RequirementSetId, RequirementId) VALUES
--		('RH_REQ_S_Harbor', 'RH_Has_Harbor'),
		
		('RH_REQ_S_Harbor', 'RH_AI_HARBOR_LOW_ADJ'),		
		
		('RH_REQ_S_Harbor', 'RH_PLAYER_AT_ANCIENT_ERA'),		
		('RH_REQ_S_Harbor', 'RH_PLAYER_NOT_CLASSICAL_ERA'),		
		
		('RH_REQ_S_Harbor', 'REQUIRES_PLAYER_IS_AI');

INSERT OR IGNORE INTO Requirements (RequirementId, RequirementType) VALUES
		('RH_Has_Harbor', 		'REQUIREMENT_DISTRICT_TYPE_MATCHES');    -- pvs REQUIREMENT_CITY_HAS_DISTRICT

INSERT OR IGNORE INTO RequirementArguments  (RequirementId,	Name, Value) VALUES
		('RH_Has_Harbor',			'DistrictType',	'DISTRICT_HARBOR');




		
		
INSERT INTO Modifiers(ModifierId, ModifierType, SubjectRequirementSetId) VALUES
('RH_Lighthouse_Test_Attach',          'MODIFIER_ALL_CITIES_ATTACH_MODIFIER',                     'PLAYER_IS_AI'),
('RH_Lighthouse_Test_Mod', 		'MODIFIER_SINGLE_CITY_DISTRICTS_ADJUST_GREAT_PERSON_POINTS', 			'RH_REQ_S_Harbor'); 

INSERT INTO ModifierArguments (ModifierId, Name, Value) VALUES
		('RH_Lighthouse_Test_Attach',          'ModifierId', 'RH_Lighthouse_Test_Mod'),

		('RH_Lighthouse_Test_Mod',			'GreatPersonClassType', 		'GREAT_PERSON_CLASS_ADMIRAL'),
		('RH_Lighthouse_Test_Mod',								'Amount'   , 550);



INSERT INTO BuildingModifiers (BuildingType, ModifierId) VALUES

('BUILDING_LIGHTHOUSE', 				'RH_Lighthouse_Test_Attach');



INSERT OR IGNORE INTO GreatPersonIndividualActionModifiers (GreatPersonIndividualType, ModifierId, AttachmentTargetType)
SELECT 'GREAT_PERSON_INDIVIDUAL_MATTHEW_PERRY', 'RH_Lighthouse_Test_Attach', 'GREAT_PERSON_ACTION_ATTACHMENT_TARGET_PLAYER'
WHERE EXISTS (SELECT * FROM GreatPersonIndividuals WHERE GreatPersonIndividualType = 'GREAT_PERSON_INDIVIDUAL_MATTHEW_PERRY'); -- Full envoys in city state, temp





----------------------------------------------------------------------------
-- Market Test


INSERT OR IGNORE INTO RequirementSets (RequirementSetId, RequirementSetType)  VALUES
		('RH_REQ_S_Market', 'REQUIREMENTSET_TEST_ALL');

INSERT OR IGNORE INTO RequirementSetRequirements (RequirementSetId, RequirementId) VALUES
--		('RH_REQ_S_Market', 'RH_Has_Market'),
		
		('RH_REQ_S_Market', 'RH_AI_COMMERICAL_LOW_ADJ'),		
		
		
		('RH_REQ_S_Market', 'RH_PLAYER_AT_ANCIENT_ERA'),		
		('RH_REQ_S_Market', 'RH_PLAYER_NOT_CLASSICAL_ERA'),		
		
		('RH_REQ_S_Market', 'REQUIRES_PLAYER_IS_AI');

INSERT OR IGNORE INTO Requirements (RequirementId, RequirementType) VALUES
		('RH_Has_Market', 		'REQUIREMENT_DISTRICT_TYPE_MATCHES');    -- pvs REQUIREMENT_CITY_HAS_DISTRICT

INSERT OR IGNORE INTO RequirementArguments  (RequirementId,	Name, Value) VALUES
		('RH_Has_Market',			'DistrictType',	'DISTRICT_COMMERICAL_HUB');



----------------------------------------------------------------------------
-- Shrine Test


INSERT OR IGNORE INTO RequirementSets (RequirementSetId, RequirementSetType)  VALUES
		('RH_REQ_S_Shrine', 'REQUIREMENTSET_TEST_ALL');

INSERT OR IGNORE INTO RequirementSetRequirements (RequirementSetId, RequirementId) VALUES
--		('RH_REQ_S_Shrine', 'RH_Has_Shrine'),
		
		('RH_REQ_S_Shrine', 'RH_AI_HOLY_SITE_LOW_ADJ'),		
		
		
		('RH_REQ_S_Shrine', 'RH_PLAYER_AT_ANCIENT_ERA'),		
		('RH_REQ_S_Shrine', 'RH_PLAYER_NOT_CLASSICAL_ERA'),		
		
		('RH_REQ_S_Shrine', 'REQUIRES_PLAYER_IS_AI');

INSERT OR IGNORE INTO Requirements (RequirementId, RequirementType) VALUES
		('RH_Has_Shrine', 		'REQUIREMENT_DISTRICT_TYPE_MATCHES');    -- pvs REQUIREMENT_CITY_HAS_DISTRICT

INSERT OR IGNORE INTO RequirementArguments  (RequirementId,	Name, Value) VALUES
		('RH_Has_Shrine',			'DistrictType',	'DISTRICT_HOLY_SITE');



		
		
INSERT INTO Modifiers(ModifierId, ModifierType, SubjectRequirementSetId) VALUES
('RH_Market_Test_Attach',          'MODIFIER_ALL_CITIES_ATTACH_MODIFIER',                     'PLAYER_IS_AI'),
('RH_Market_Test_Mod', 		'MODIFIER_SINGLE_CITY_DISTRICTS_ADJUST_GREAT_PERSON_POINTS', 			'RH_REQ_S_Market'); 

INSERT INTO ModifierArguments (ModifierId, Name, Value) VALUES
		('RH_Market_Test_Attach',          'ModifierId', 'RH_Market_Test_Mod'),

		('RH_Market_Test_Mod',			'GreatPersonClassType', 		'GREAT_PERSON_CLASS_MERCHANT'),
		('RH_Market_Test_Mod',								'Amount'   , 170); -- pvs 175, 210



INSERT INTO BuildingModifiers (BuildingType, ModifierId) VALUES

('BUILDING_MARKET', 				'RH_Market_Test_Attach');




INSERT INTO Modifiers(ModifierId, ModifierType, SubjectRequirementSetId) VALUES
('RH_Shrine_Test_Attach',          'MODIFIER_ALL_CITIES_ATTACH_MODIFIER',                     'PLAYER_IS_AI'),
('RH_Shrine_Test_Mod', 		'MODIFIER_SINGLE_CITY_DISTRICTS_ADJUST_GREAT_PERSON_POINTS', 			'RH_REQ_S_Shrine'); 

INSERT INTO ModifierArguments (ModifierId, Name, Value) VALUES
		('RH_Shrine_Test_Attach',          'ModifierId', 'RH_Shrine_Test_Mod'),

		('RH_Shrine_Test_Mod',			'GreatPersonClassType', 		'GREAT_PERSON_CLASS_PROPHET'),
		('RH_Shrine_Test_Mod',								'Amount'   , 140); -- pvs 50, 120



INSERT INTO BuildingModifiers (BuildingType, ModifierId) VALUES

('BUILDING_TEMPLE', 				'RH_Shrine_Test_Attach');




----------------------------------------------------------------------------------------------------------------
-- Do not Build Test



INSERT INTO Modifiers(ModifierId, ModifierType, SubjectRequirementSetId) VALUES
('RH_No_Harbor_Attach',          'MODIFIER_ALL_CITIES_ATTACH_MODIFIER',                     'PLAYER_IS_AI'),
('RH_No_Harbor', 				 'MODIFIER_PLAYER_CAPITAL_CITY_ADJUST_CITY_YIELD_CHANGE', 			'RH_REQ_S_Market'); 

INSERT INTO ModifierArguments (ModifierId, Name, Value) VALUES
		('RH_No_Harbor_Attach',          'ModifierId', 'RH_No_Harbor'),

		('RH_No_Harbor',			'YieldType', 		'YIELD_SCIENCE'),
		('RH_No_Harbor',								'Amount'   , -2500);



INSERT INTO DistrictModifiers (DistrictType, ModifierId) VALUES

('DISTRICT_HARBOR', 				'RH_No_Harbor_Attach');



		
		
		
INSERT INTO Modifiers(ModifierId, ModifierType, SubjectRequirementSetId) VALUES
('RH_No_Commerical_Hub_Attach',          'MODIFIER_ALL_CITIES_ATTACH_MODIFIER',                     'PLAYER_IS_AI'),
('RH_No_Commerical_Hub', 		'MODIFIER_PLAYER_CAPITAL_CITY_ADJUST_CITY_YIELD_CHANGE', 			'RH_REQ_S_Harbor'); 

INSERT INTO ModifierArguments (ModifierId, Name, Value) VALUES
		('RH_No_Commerical_Hub_Attach',          'ModifierId', 'RH_No_Commerical_Hub'),

		('RH_No_Commerical_Hub',			'YieldType', 		'YIELD_SCIENCE'),
		('RH_No_Commerical_Hub',								'Amount'   , -2500);



INSERT INTO DistrictModifiers (DistrictType, ModifierId) VALUES

('DISTRICT_COMMERCIAL_HUB', 				'RH_No_Commerical_Hub_Attach');






INSERT OR IGNORE INTO Modifiers  (ModifierId, ModifierType, SubjectRequirementSetId) VALUES		
		('RH_END_OF_TECH_MOD_GOV1',				'MODIFIER_PLAYER_CITIES_ADJUST_CITY_ALL_YIELDS_CHANGE',	'RH_AI_ANCIENT_ONLY_REQ_S'),
		('RH_END_OF_TECH_MOD_GOV2',				'MODIFIER_PLAYER_CITIES_ADJUST_CITY_ALL_YIELDS_CHANGE',	'RH_AI_ANCIENT_ONLY_REQ_S'),		
		('RH_END_OF_TECH_MOD_GOV3',				'MODIFIER_PLAYER_CITIES_ADJUST_CITY_ALL_YIELDS_CHANGE',	'RH_AI_ANCIENT_ONLY_REQ_S'),		
		('RH_END_OF_TECH_MOD_GOV4',				'MODIFIER_PLAYER_CITIES_ADJUST_CITY_ALL_YIELDS_CHANGE',	'RH_AI_ANCIENT_ONLY_REQ_S');			
		
		
INSERT OR IGNORE INTO ModifierArguments  (ModifierId, Name, Value) VALUES	

		('RH_END_OF_TECH_MOD_GOV1',						'Amount'   , 2), -- pvs 20
		('RH_END_OF_TECH_MOD_GOV2',						'Amount'   , 100),
		('RH_END_OF_TECH_MOD_GOV3',						'Amount'   , 200),
		('RH_END_OF_TECH_MOD_GOV4',						'Amount'   , 300);

/*
INSERT OR IGNORE INTO GovernmentModifiers (GovernmentType, ModifierId)  VALUES	

			('GOVERNMENT_AUTOCRACY', 						'RH_END_OF_TECH_MOD_GOV1'),
			('GOVERNMENT_OLIGARCHY', 						'RH_END_OF_TECH_MOD_GOV1'),
			('GOVERNMENT_CLASSICAL_REPUBLIC', 				'RH_END_OF_TECH_MOD_GOV1'),

			('GOVERNMENT_MONARCHY', 						'RH_END_OF_TECH_MOD_GOV2'),
			('GOVERNMENT_THEOCRACY', 						'RH_END_OF_TECH_MOD_GOV2'),
			('GOVERNMENT_MERCHANT_REPUBLIC', 				'RH_END_OF_TECH_MOD_GOV2'),
			
			('GOVERNMENT_FASCISM', 							'RH_END_OF_TECH_MOD_GOV3'),
			('GOVERNMENT_COMMUNISM', 						'RH_END_OF_TECH_MOD_GOV3'),
			('GOVERNMENT_DEMOCRACY', 						'RH_END_OF_TECH_MOD_GOV3'),
			
			('GOVERNMENT_CORPORATE_LIBERTARIANISM', 		'RH_END_OF_TECH_MOD_GOV4'),
			('GOVERNMENT_DIGITAL_DEMOCRACY', 				'RH_END_OF_TECH_MOD_GOV4'),
			('GOVERNMENT_SYNTHETIC_TECHNOCRACY', 			'RH_END_OF_TECH_MOD_GOV4');
*/


INSERT OR IGNORE INTO Modifiers  (ModifierId, ModifierType, SubjectRequirementSetId) VALUES		
		('RH_END_OF_TECH_MOD_GOV_DT_1',				'MODIFIER_PLAYER_ADJUST_DUPLICATE_FIRST_INFLUENCE_TOKEN',	'RH_AI_ANCIENT_ONLY_REQ_S'),
		('RH_END_OF_TECH_MOD_GOV_DT_2',				'MODIFIER_PLAYER_ADJUST_DUPLICATE_FIRST_INFLUENCE_TOKEN',	'RH_AI_ANCIENT_ONLY_REQ_S'),		
		('RH_END_OF_TECH_MOD_GOV_DT_3',				'MODIFIER_PLAYER_ADJUST_DUPLICATE_FIRST_INFLUENCE_TOKEN',	'RH_AI_ANCIENT_ONLY_REQ_S'),		
		('RH_END_OF_TECH_MOD_GOV_DT_4',				'MODIFIER_PLAYER_ADJUST_DUPLICATE_FIRST_INFLUENCE_TOKEN',	'RH_AI_ANCIENT_ONLY_REQ_S');			
		
		
INSERT OR IGNORE INTO ModifierArguments  (ModifierId, Name, Value) VALUES	

		('RH_END_OF_TECH_MOD_GOV_DT_1',						'Amount'   , 4), -- pvs 8, AI avoids Monarchy
		('RH_END_OF_TECH_MOD_GOV_DT_2',						'Amount'   , 85),
		('RH_END_OF_TECH_MOD_GOV_DT_3',						'Amount'   , 90),
		('RH_END_OF_TECH_MOD_GOV_DT_4',						'Amount'   , 95);


INSERT OR IGNORE INTO GovernmentModifiers (GovernmentType, ModifierId)  VALUES	

	--		('GOVERNMENT_AUTOCRACY', 						'RH_END_OF_TECH_MOD_GOV_DT_1'),
			('GOVERNMENT_OLIGARCHY', 						'RH_END_OF_TECH_MOD_GOV_DT_1'),
			('GOVERNMENT_CLASSICAL_REPUBLIC', 				'RH_END_OF_TECH_MOD_GOV_DT_1'),

			('GOVERNMENT_MONARCHY', 						'RH_END_OF_TECH_MOD_GOV_DT_2'),
			('GOVERNMENT_THEOCRACY', 						'RH_END_OF_TECH_MOD_GOV_DT_2'),
			('GOVERNMENT_MERCHANT_REPUBLIC', 				'RH_END_OF_TECH_MOD_GOV_DT_2'),
			
			('GOVERNMENT_FASCISM', 							'RH_END_OF_TECH_MOD_GOV_DT_3'),
			('GOVERNMENT_COMMUNISM', 						'RH_END_OF_TECH_MOD_GOV_DT_3'),
			('GOVERNMENT_DEMOCRACY', 						'RH_END_OF_TECH_MOD_GOV_DT_3'),
			
			('GOVERNMENT_CORPORATE_LIBERTARIANISM', 		'RH_END_OF_TECH_MOD_GOV_DT_4'),
			('GOVERNMENT_DIGITAL_DEMOCRACY', 				'RH_END_OF_TECH_MOD_GOV_DT_4'),
			('GOVERNMENT_SYNTHETIC_TECHNOCRACY', 			'RH_END_OF_TECH_MOD_GOV_DT_4');


-- Delete the following modifiers for the GOVERNMENT_AUTOCRACY, Temp until Fix to prevent AI ANARCHY

/*
DELETE FROM GovernmentModifiers
WHERE GovernmentType = 'GOVERNMENT_AUTOCRACY'
AND ModifierId IN (
    'AUTOCRACY_TIER1', 'AUTOCRACY_TIER2', 'AUTOCRACY_TIER3', 'AUTOCRACY_CAPITAL', 
    'CONSULATE_TIER1', 'CHANCERY_TIER2', 'AUTOCRACY_CULTURE', 'AUTOCRACY_FOOD', 
    'AUTOCRACY_GOLD', 'AUTOCRACY_PRODUCTION', 'AUTOCRACY_SCIENCE', 'AUTOCRACY_FAITH',
    'AUTOCRACY_WONDERS_ACCUMULATING'
);
*/

UPDATE GlobalParameters SET Value = '-25' WHERE Name = 'GOVERNMENT_BASE_ANARCHY_TURNS';	 -- Def 2, Temp, 0

UPDATE GlobalParameters SET Value = '-8' WHERE Name = 'THRESHOLD_SHIFT_PER_ANARCHY';	 -- Def 0, Temp to Help AI


-- Temp
--DELETE FROM GovernmentModifiers
--WHERE GovernmentType = 'GOVERNMENT_AUTOCRACY';

--MODIFIER_PLAYER_CITIES_ADJUST_CITY_ALL_YIELDS_CHANGE


--UPDATE MODIFIERS WHERE ModifierId ='AUTOCRACY_CAPITAL' and ModifierType ='MODIFIER_PLAYER_CITIES_ADJUST_CITY_ALL_YIELDS_CHANGE' SET SubjectRequirementSetId = 'RH_BUILDING_IS_PALACE';


/*
SELECT ModifierId, ModifierType, SubjectRequirementSetId
FROM MODIFIERS
WHERE ModifierId IN (
    'AUTOCRACY_CAPITAL', 
    'AUTOCRACY_TIER1', 
    'AUTOCRACY_TIER2', 
    'AUTOCRACY_TIER3', 
    'CONSULATE_TIER1', 
    'CHANCERY_TIER2'
) 
AND ModifierType = 'MODIFIER_PLAYER_CITIES_ADJUST_CITY_ALL_YIELDS_CHANGE';

-- Fix RequirementSets to prevent AI Gov Switching Anarchy Bug
UPDATE MODIFIERS
SET SubjectRequirementSetId = 'RH_' || SubjectRequirementSetId
WHERE ModifierId IN (
    'AUTOCRACY_CAPITAL', 
    'AUTOCRACY_TIER1', 
    'AUTOCRACY_TIER2', 
    'AUTOCRACY_TIER3', 
    'CONSULATE_TIER1', 
    'CHANCERY_TIER2'
) 
AND ModifierType = 'MODIFIER_PLAYER_CITIES_ADJUST_CITY_ALL_YIELDS_CHANGE';


INSERT INTO Requirements     (RequirementId, 			RequirementType,					Inverse) VALUES	
('RH_NOT_FUTURE_TECH',						'REQUIREMENT_PLAYER_HAS_TECHNOLOGY',		1);


INSERT OR IGNORE INTO RequirementArguments  (RequirementId,	Name, Value) VALUES
('RH_NOT_FUTURE_TECH',							'TechnologyType', 			'TECH_FUTURE_TECH'); 



INSERT OR IGNORE INTO RequirementSets (RequirementSetId, RequirementSetType) VALUES
    ('RH_BUILDING_IS_PALACE', 'REQUIREMENTSET_TEST_ALL'),
    ('RH_BUILDING_IS_TIER1', 'REQUIREMENTSET_TEST_ALL'),
    ('RH_BUILDING_IS_TIER2', 'REQUIREMENTSET_TEST_ALL'),
    ('RH_BUILDING_IS_TIER3', 'REQUIREMENTSET_TEST_ALL'),
    ('RH_BUILDING_IS_CONSULATE', 'REQUIREMENTSET_TEST_ALL'),
    ('RH_BUILDING_IS_CHANCERY', 'REQUIREMENTSET_TEST_ALL');

INSERT OR IGNORE INTO RequirementSetRequirements (RequirementSetId, RequirementId) VALUES
    ('RH_BUILDING_IS_PALACE', 'REQUIRES_CITY_HAS_PALACE'),
    ('RH_BUILDING_IS_PALACE', 'RH_NOT_FUTURE_TECH'),

    ('RH_BUILDING_IS_TIER1', 'REQUIRES_CITY_HAS_GOV_TALL'),
    ('RH_BUILDING_IS_TIER1', 'REQUIRES_CITY_HAS_GOV_WIDE'),
    ('RH_BUILDING_IS_TIER1', 'REQUIRES_CITY_HAS_GOV_CONQUEST'),
    ('RH_BUILDING_IS_TIER1', 'RH_NOT_FUTURE_TECH'),

    ('RH_BUILDING_IS_TIER2', 'REQUIRES_CITY_HAS_GOV_CITYSTATES'),
    ('RH_BUILDING_IS_TIER2', 'REQUIRES_CITY_HAS_GOV_SPIES'),
    ('RH_BUILDING_IS_TIER2', 'REQUIRES_CITY_HAS_GOV_FAITH'),
    ('RH_BUILDING_IS_TIER2', 'RH_NOT_FUTURE_TECH'),

    ('RH_BUILDING_IS_TIER3', 'REQUIRES_CITY_HAS_GOV_MILITARY'),
    ('RH_BUILDING_IS_TIER3', 'REQUIRES_CITY_HAS_GOV_CULTURE'),
    ('RH_BUILDING_IS_TIER3', 'REQUIRES_CITY_HAS_GOV_SCIENCE'),
    ('RH_BUILDING_IS_TIER3', 'RH_NOT_FUTURE_TECH'),

    ('RH_BUILDING_IS_CONSULATE', 'REQUIRES_CITY_HAS_CONSULATE'),
    ('RH_BUILDING_IS_CONSULATE', 'RH_NOT_FUTURE_TECH'),

    ('RH_BUILDING_IS_CHANCERY', 'REQUIRES_CITY_HAS_CHANCERY'),
    ('RH_BUILDING_IS_CHANCERY', 'RH_NOT_FUTURE_TECH');

*/


/*
		<Row>
			<RequirementSetId>BUILDING_IS_PALACE</RequirementSetId>
			<RequirementId>REQUIRES_CITY_HAS_PALACE</RequirementId>
		</Row>
		
		
			<Row>
			<RequirementSetId>BUILDING_IS_TIER1</RequirementSetId>
			<RequirementId>REQUIRES_CITY_HAS_GOV_TALL</RequirementId>
		</Row>
		<Row>
			<RequirementSetId>BUILDING_IS_TIER1</RequirementSetId>
			<RequirementId>REQUIRES_CITY_HAS_GOV_WIDE</RequirementId>
		</Row>
		<Row>
			<RequirementSetId>BUILDING_IS_TIER1</RequirementSetId>
			<RequirementId>REQUIRES_CITY_HAS_GOV_CONQUEST</RequirementId>
		</Row>
		<Row>
			<RequirementSetId>BUILDING_IS_TIER2</RequirementSetId>
			<RequirementId>REQUIRES_CITY_HAS_GOV_CITYSTATES</RequirementId>
		</Row>
		<Row>
			<RequirementSetId>BUILDING_IS_TIER2</RequirementSetId>
			<RequirementId>REQUIRES_CITY_HAS_GOV_SPIES</RequirementId>
		</Row>
		<Row>
			<RequirementSetId>BUILDING_IS_TIER2</RequirementSetId>
			<RequirementId>REQUIRES_CITY_HAS_GOV_FAITH</RequirementId>
		</Row>
		<Row>
			<RequirementSetId>BUILDING_IS_TIER3</RequirementSetId>
			<RequirementId>REQUIRES_CITY_HAS_GOV_MILITARY</RequirementId>
		</Row>
		<Row>
			<RequirementSetId>BUILDING_IS_TIER3</RequirementSetId>
			<RequirementId>REQUIRES_CITY_HAS_GOV_CULTURE</RequirementId>
		</Row>
		<Row>
			<RequirementSetId>BUILDING_IS_TIER3</RequirementSetId>
			<RequirementId>REQUIRES_CITY_HAS_GOV_SCIENCE</RequirementId>
		</Row>
		<Row>
			<RequirementSetId>CAPITAL_OR_GOV_DISTRICT_REQUIREMENTS</RequirementSetId>
			<RequirementId>REQUIRES_CITY_HAS_PALACE</RequirementId>
		</Row>
		<Row>
			<RequirementSetId>CAPITAL_OR_GOV_DISTRICT_REQUIREMENTS</RequirementSetId>
			<RequirementId>REQUIRES_CITY_HAS_GOV_DISTRICT</RequirementId>
		</Row>
		*/