-- RH Pantheon Dis


-- Tundra

INSERT INTO BeliefModifiers (BeliefType, ModifierId) VALUES
('BELIEF_DANCE_OF_THE_AURORA', 'DANCE_OF_THE_AURORA_TUNDRA_FAITH');

INSERT INTO Modifiers(ModifierId, ModifierType, SubjectRequirementSetId) VALUES
('DANCE_OF_THE_AURORA_TUNDRA_FAITH',          'MODIFIER_ALL_CITIES_ATTACH_MODIFIER',         'CITY_FOLLOWS_PANTHEON_REQUIREMENTS'),
('DANCE_OF_THE_AURORA_TUNDRA_FAITH_MODIFIER', 'MODIFIER_CITY_PLOT_YIELDS_ADJUST_PLOT_YIELD', 'REQUIREMENTS_RH_DANCE_OF_THE_AURORA_TUNDRA_REQ_S');

INSERT INTO ModifierArguments (ModifierId, Name, Value) VALUES
('DANCE_OF_THE_AURORA_TUNDRA_FAITH',          'ModifierId', 'DANCE_OF_THE_AURORA_TUNDRA_FAITH_MODIFIER'),
('DANCE_OF_THE_AURORA_TUNDRA_FAITH_MODIFIER', 'YieldType',  'YIELD_RH_MINUS'),
('DANCE_OF_THE_AURORA_TUNDRA_FAITH_MODIFIER', 'Amount',     '1'); -- pvs 1, 2

INSERT INTO RequirementSets (RequirementSetId, RequirementSetType) VALUES
('REQUIREMENTS_RH_DANCE_OF_THE_AURORA_TUNDRA_REQ_S', 'REQUIREMENTSET_TEST_ANY');

INSERT INTO RequirementSetRequirements (RequirementSetId, RequirementId) VALUES
('REQUIREMENTS_RH_DANCE_OF_THE_AURORA_TUNDRA_REQ_S', 'REQUIRES_PLAYER_IS_AI'),

('REQUIREMENTS_RH_DANCE_OF_THE_AURORA_TUNDRA_REQ_S', 'PLAYER_AT_ANCIENT_ERA'),
('REQUIREMENTS_RH_DANCE_OF_THE_AURORA_TUNDRA_REQ_S', 'PLAYER_NOT_MEDIEVAL_ERA'),
('REQUIREMENTS_RH_DANCE_OF_THE_AURORA_TUNDRA_REQ_S', 'REQUIRES_RH_HAS_CIVIC_DEFENSE'),

('REQUIREMENTS_RH_DANCE_OF_THE_AURORA_TUNDRA_REQ_S', 'REQUIRES_PLOT_HAS_TUNDRA'),
('REQUIREMENTS_RH_DANCE_OF_THE_AURORA_TUNDRA_REQ_S', 'REQUIRES_PLOT_HAS_TUNDRA_HILLS');


-- Desert

INSERT INTO BeliefModifiers (BeliefType, ModifierId) VALUES
('BELIEF_DESERT_FOLKLORE', 'RH_DESERT_FOLKLORE_DESERT_FAITH');

INSERT INTO Modifiers(ModifierId, ModifierType, SubjectRequirementSetId) VALUES
('RH_DESERT_FOLKLORE_DESERT_FAITH',          'MODIFIER_ALL_CITIES_ATTACH_MODIFIER',         'CITY_FOLLOWS_PANTHEON_REQUIREMENTS'),
('RH_DESERT_FOLKLORE_DESERT_FAITH_MODIFIER', 'MODIFIER_CITY_PLOT_YIELDS_ADJUST_PLOT_YIELD', 'REQUIREMENTS_RH_DESERT_FOLKLORE_TILES_REQ_S');

INSERT INTO ModifierArguments (ModifierId, Name, Value) VALUES
('RH_DESERT_FOLKLORE_DESERT_FAITH',          'ModifierId', 'RH_DESERT_FOLKLORE_DESERT_FAITH_MODIFIER'),
('RH_DESERT_FOLKLORE_DESERT_FAITH_MODIFIER', 'YieldType',  'YIELD_RH_MINUS'),
('RH_DESERT_FOLKLORE_DESERT_FAITH_MODIFIER', 'Amount',     '1'); -- pvs 1, 2

INSERT INTO RequirementSets (RequirementSetId, RequirementSetType) VALUES
('REQUIREMENTS_RH_DESERT_FOLKLORE_TILES_REQ_S', 'REQUIREMENTSET_TEST_ANY');

INSERT INTO RequirementSetRequirements (RequirementSetId, RequirementId) VALUES
('REQUIREMENTS_RH_DESERT_FOLKLORE_TILES_REQ_S', 'REQUIRES_PLAYER_IS_AI'),

('REQUIREMENTS_RH_DESERT_FOLKLORE_TILES_REQ_S', 'PLAYER_AT_ANCIENT_ERA'),
('REQUIREMENTS_RH_DESERT_FOLKLORE_TILES_REQ_S', 'PLAYER_NOT_MEDIEVAL_ERA'),
('REQUIREMENTS_RH_DESERT_FOLKLORE_TILES_REQ_S', 'REQUIRES_RH_HAS_CIVIC_DEFENSE'),

('REQUIREMENTS_RH_DESERT_FOLKLORE_TILES_REQ_S', 'REQUIRES_PLOT_HAS_DESERT'),
('REQUIREMENTS_RH_DESERT_FOLKLORE_TILES_REQ_S', 'REQUIRES_PLOT_HAS_DESERT_HILLS');

-- Jungle 

INSERT INTO BeliefModifiers (BeliefType, ModifierId) VALUES
('BELIEF_SACRED_PATH', 'SACRED_PATH_JUNGLE_FAITH');

INSERT INTO Modifiers(ModifierId, ModifierType, SubjectRequirementSetId) VALUES
('SACRED_PATH_JUNGLE_FAITH',          'MODIFIER_ALL_CITIES_ATTACH_MODIFIER',         'CITY_FOLLOWS_PANTHEON_REQUIREMENTS'),
('SACRED_PATH_JUNGLE_FAITH_MODIFIER', 'MODIFIER_CITY_PLOT_YIELDS_ADJUST_PLOT_YIELD', 'REQUIREMENTS_SACRED_PATH_FEATURES_REQ_S'); 

INSERT INTO ModifierArguments (ModifierId, Name, Value) VALUES
('SACRED_PATH_JUNGLE_FAITH',          'ModifierId', 'SACRED_PATH_JUNGLE_FAITH_MODIFIER'),
('SACRED_PATH_JUNGLE_FAITH_MODIFIER', 'YieldType',  'YIELD_RH_MINUS'),
('SACRED_PATH_JUNGLE_FAITH_MODIFIER', 'Amount',     '1'); -- pvs 1

INSERT INTO RequirementSets (RequirementSetId, RequirementSetType) VALUES
('REQUIREMENTS_SACRED_PATH_FEATURES_REQ_S', 'REQUIREMENTSET_TEST_ALL');

INSERT INTO RequirementSetRequirements (RequirementSetId, RequirementId) VALUES
('REQUIREMENTS_SACRED_PATH_FEATURES_REQ_S', 'REQUIRES_PLAYER_IS_AI'),

('REQUIREMENTS_SACRED_PATH_FEATURES_REQ_S', 'PLAYER_AT_ANCIENT_ERA'),
('REQUIREMENTS_SACRED_PATH_FEATURES_REQ_S', 'PLAYER_NOT_MEDIEVAL_ERA'),
('REQUIREMENTS_SACRED_PATH_FEATURES_REQ_S', 'REQUIRES_RH_HAS_CIVIC_DEFENSE'),

('REQUIREMENTS_SACRED_PATH_FEATURES_REQ_S', 'REQUIRES_PLOT_HAS_JUNGLE'),
('REQUIREMENTS_SACRED_PATH_FEATURES_REQ_S', 'REQUIRES_PLOT_HAS_NO_IMPROVEMENT');

