

-- RH Strategics Changes
-- AUTHOR: ROMANHOLIDAY		


INSERT OR IGNORE INTO RequirementSets (RequirementSetId, RequirementSetType) VALUES
('RH_IMMORTAL_AT_CLASSICAL_EXTRA_RESOURCES', 'REQUIREMENTSET_TEST_ALL'),
('RH_EMPEROR_AT_CLASSICAL_EXTRA_RESOURCES', 'REQUIREMENTSET_TEST_ALL'),
('RH_KING_AT_CLASSICAL_EXTRA_RESOURCES', 'REQUIREMENTSET_TEST_ALL'),
('RH_CLASSICAL_ALL_REQ_S', 'REQUIREMENTSET_TEST_ALL');

INSERT OR IGNORE INTO Modifiers(ModifierId, ModifierType, OwnerRequirementSetId) VALUES
('RH_IMMORTAL_AT_CLASSICAL_EXTRA_IRON', 'MODIFIER_PLAYER_CITIES_ADJUST_EXTRA_ACCUMULATION_SPECIFIC_RESOURCE','RH_IMMORTAL_AT_CLASSICAL_EXTRA_RESOURCES'),
('RH_IMMORTAL_AT_CLASSICAL_EXTRA_HORSES', 'MODIFIER_PLAYER_CITIES_ADJUST_EXTRA_ACCUMULATION_SPECIFIC_RESOURCE','RH_IMMORTAL_AT_CLASSICAL_EXTRA_RESOURCES'),
('RH_IMMORTAL_AT_CLASSICAL_EXTRA_NITER', 'MODIFIER_PLAYER_CITIES_ADJUST_EXTRA_ACCUMULATION_SPECIFIC_RESOURCE','RH_IMMORTAL_AT_CLASSICAL_EXTRA_RESOURCES'),
('RH_IMMORTAL_AT_CLASSICAL_EXTRA_COAL', 'MODIFIER_PLAYER_CITIES_ADJUST_EXTRA_ACCUMULATION_SPECIFIC_RESOURCE','RH_IMMORTAL_AT_CLASSICAL_EXTRA_RESOURCES'),
('RH_IMMORTAL_AT_CLASSICAL_EXTRA_OIL', 'MODIFIER_PLAYER_CITIES_ADJUST_EXTRA_ACCUMULATION_SPECIFIC_RESOURCE','RH_IMMORTAL_AT_CLASSICAL_EXTRA_RESOURCES'),
('RH_IMMORTAL_AT_CLASSICAL_EXTRA_ALUMINUM', 'MODIFIER_PLAYER_CITIES_ADJUST_EXTRA_ACCUMULATION_SPECIFIC_RESOURCE','RH_IMMORTAL_AT_CLASSICAL_EXTRA_RESOURCES'),
('RH_IMMORTAL_AT_CLASSICAL_EXTRA_URANIUM', 'MODIFIER_PLAYER_CITIES_ADJUST_EXTRA_ACCUMULATION_SPECIFIC_RESOURCE','RH_IMMORTAL_AT_CLASSICAL_EXTRA_RESOURCES'),
('RH_IMMORTAL_AT_RH_CLASSICAL_STOCKPILE', 'MODIFIER_PLAYER_ADJUST_RESOURCE_STOCKPILE_CAP','RH_IMMORTAL_AT_CLASSICAL_EXTRA_RESOURCES'),
('RH_EMPEROR_AT_CLASSICAL_EXTRA_IRON', 'MODIFIER_PLAYER_CITIES_ADJUST_EXTRA_ACCUMULATION_SPECIFIC_RESOURCE','RH_EMPEROR_AT_CLASSICAL_EXTRA_RESOURCES'),
('RH_EMPEROR_AT_CLASSICAL_EXTRA_HORSES', 'MODIFIER_PLAYER_CITIES_ADJUST_EXTRA_ACCUMULATION_SPECIFIC_RESOURCE','RH_EMPEROR_AT_CLASSICAL_EXTRA_RESOURCES'),
('RH_EMPEROR_AT_CLASSICAL_EXTRA_NITER', 'MODIFIER_PLAYER_CITIES_ADJUST_EXTRA_ACCUMULATION_SPECIFIC_RESOURCE','RH_EMPEROR_AT_CLASSICAL_EXTRA_RESOURCES'),
('RH_EMPEROR_AT_CLASSICAL_EXTRA_COAL', 'MODIFIER_PLAYER_CITIES_ADJUST_EXTRA_ACCUMULATION_SPECIFIC_RESOURCE','RH_EMPEROR_AT_CLASSICAL_EXTRA_RESOURCES'),
('RH_EMPEROR_AT_CLASSICAL_EXTRA_OIL', 'MODIFIER_PLAYER_CITIES_ADJUST_EXTRA_ACCUMULATION_SPECIFIC_RESOURCE','RH_EMPEROR_AT_CLASSICAL_EXTRA_RESOURCES'),
('RH_EMPEROR_AT_CLASSICAL_EXTRA_ALUMINUM', 'MODIFIER_PLAYER_CITIES_ADJUST_EXTRA_ACCUMULATION_SPECIFIC_RESOURCE','RH_EMPEROR_AT_CLASSICAL_EXTRA_RESOURCES'),
('RH_EMPEROR_AT_CLASSICAL_EXTRA_URANIUM', 'MODIFIER_PLAYER_CITIES_ADJUST_EXTRA_ACCUMULATION_SPECIFIC_RESOURCE','RH_EMPEROR_AT_CLASSICAL_EXTRA_RESOURCES'),
('RH_EMPEROR_AT_RH_CLASSICAL_STOCKPILE', 'MODIFIER_PLAYER_ADJUST_RESOURCE_STOCKPILE_CAP','RH_EMPEROR_AT_CLASSICAL_EXTRA_RESOURCES'),
('RH_KING_AT_CLASSICAL_EXTRA_IRON', 'MODIFIER_PLAYER_CITIES_ADJUST_EXTRA_ACCUMULATION_SPECIFIC_RESOURCE','RH_KING_AT_CLASSICAL_EXTRA_RESOURCES'),
('RH_KING_AT_CLASSICAL_EXTRA_HORSES', 'MODIFIER_PLAYER_CITIES_ADJUST_EXTRA_ACCUMULATION_SPECIFIC_RESOURCE','RH_KING_AT_CLASSICAL_EXTRA_RESOURCES'),
('RH_KING_AT_CLASSICAL_EXTRA_NITER', 'MODIFIER_PLAYER_CITIES_ADJUST_EXTRA_ACCUMULATION_SPECIFIC_RESOURCE','RH_KING_AT_CLASSICAL_EXTRA_RESOURCES'),
('RH_KING_AT_CLASSICAL_EXTRA_COAL', 'MODIFIER_PLAYER_CITIES_ADJUST_EXTRA_ACCUMULATION_SPECIFIC_RESOURCE','RH_KING_AT_CLASSICAL_EXTRA_RESOURCES'),
('RH_KING_AT_CLASSICAL_EXTRA_OIL', 'MODIFIER_PLAYER_CITIES_ADJUST_EXTRA_ACCUMULATION_SPECIFIC_RESOURCE','RH_KING_AT_CLASSICAL_EXTRA_RESOURCES'),
('RH_KING_AT_CLASSICAL_EXTRA_ALUMINUM', 'MODIFIER_PLAYER_CITIES_ADJUST_EXTRA_ACCUMULATION_SPECIFIC_RESOURCE','RH_KING_AT_CLASSICAL_EXTRA_RESOURCES'),
('RH_KING_AT_CLASSICAL_EXTRA_URANIUM', 'MODIFIER_PLAYER_CITIES_ADJUST_EXTRA_ACCUMULATION_SPECIFIC_RESOURCE','RH_KING_AT_CLASSICAL_EXTRA_RESOURCES'),
('RH_KING_AT_RH_CLASSICAL_STOCKPILE', 'MODIFIER_PLAYER_ADJUST_RESOURCE_STOCKPILE_CAP','RH_KING_AT_CLASSICAL_EXTRA_RESOURCES'),
('RH_CLASSICAL_STOCKPILE', 'MODIFIER_PLAYER_ADJUST_RESOURCE_STOCKPILE_CAP','RH_CLASSICAL_ALL_REQ_S');


INSERT OR IGNORE INTO TraitModifiers (TraitType, ModifierId) VALUES
('TRAIT_LEADER_MAJOR_CIV', 'RH_IMMORTAL_AT_CLASSICAL_EXTRA_IRON'),
('TRAIT_LEADER_MAJOR_CIV', 'RH_IMMORTAL_AT_CLASSICAL_EXTRA_HORSES'),
('TRAIT_LEADER_MAJOR_CIV', 'RH_IMMORTAL_AT_CLASSICAL_EXTRA_NITER'),
('TRAIT_LEADER_MAJOR_CIV', 'RH_IMMORTAL_AT_CLASSICAL_EXTRA_COAL'),
('TRAIT_LEADER_MAJOR_CIV', 'RH_IMMORTAL_AT_CLASSICAL_EXTRA_OIL'),
('TRAIT_LEADER_MAJOR_CIV', 'RH_IMMORTAL_AT_CLASSICAL_EXTRA_ALUMINUM'),
('TRAIT_LEADER_MAJOR_CIV', 'RH_IMMORTAL_AT_CLASSICAL_EXTRA_URANIUM'),
('TRAIT_LEADER_MAJOR_CIV', 'RH_IMMORTAL_AT_RH_CLASSICAL_STOCKPILE'),
('TRAIT_LEADER_MAJOR_CIV', 'RH_EMPEROR_AT_CLASSICAL_EXTRA_IRON'),
('TRAIT_LEADER_MAJOR_CIV', 'RH_EMPEROR_AT_CLASSICAL_EXTRA_HORSES'),
('TRAIT_LEADER_MAJOR_CIV', 'RH_EMPEROR_AT_CLASSICAL_EXTRA_NITER'),
('TRAIT_LEADER_MAJOR_CIV', 'RH_EMPEROR_AT_CLASSICAL_EXTRA_COAL'),
('TRAIT_LEADER_MAJOR_CIV', 'RH_EMPEROR_AT_CLASSICAL_EXTRA_OIL'),
('TRAIT_LEADER_MAJOR_CIV', 'RH_EMPEROR_AT_CLASSICAL_EXTRA_ALUMINUM'),
('TRAIT_LEADER_MAJOR_CIV', 'RH_EMPEROR_AT_CLASSICAL_EXTRA_URANIUM'),
('TRAIT_LEADER_MAJOR_CIV', 'RH_EMPEROR_AT_RH_CLASSICAL_STOCKPILE'),
('TRAIT_LEADER_MAJOR_CIV', 'RH_KING_AT_CLASSICAL_EXTRA_OIL'),
('TRAIT_LEADER_MAJOR_CIV', 'RH_KING_AT_RH_CLASSICAL_STOCKPILE'),
('TRAIT_LEADER_MAJOR_CIV', 'RH_CLASSICAL_STOCKPILE');



INSERT OR IGNORE INTO ModifierArguments (ModifierId, Name, Value) VALUES
('RH_IMMORTAL_AT_CLASSICAL_EXTRA_IRON', 'ResourceType', 'RESOURCE_IRON'),
('RH_IMMORTAL_AT_CLASSICAL_EXTRA_IRON', 'Amount', '2'),
('RH_IMMORTAL_AT_CLASSICAL_EXTRA_HORSES', 'ResourceType', 'RESOURCE_HORSES'),
('RH_IMMORTAL_AT_CLASSICAL_EXTRA_HORSES', 'Amount', '2'),
('RH_IMMORTAL_AT_CLASSICAL_EXTRA_NITER', 'ResourceType', 'RESOURCE_NITER'),
('RH_IMMORTAL_AT_CLASSICAL_EXTRA_NITER', 'Amount', '9'), -- pvs 4
('RH_IMMORTAL_AT_CLASSICAL_EXTRA_COAL', 'ResourceType', 'RESOURCE_COAL'),
('RH_IMMORTAL_AT_CLASSICAL_EXTRA_COAL', 'Amount', '3'), -- pvs 2
('RH_IMMORTAL_AT_CLASSICAL_EXTRA_OIL', 'ResourceType', 'RESOURCE_OIL'),
('RH_IMMORTAL_AT_CLASSICAL_EXTRA_OIL', 'Amount', '6'),
('RH_IMMORTAL_AT_CLASSICAL_EXTRA_ALUMINUM', 'ResourceType', 'RESOURCE_ALUMINUM'),
('RH_IMMORTAL_AT_CLASSICAL_EXTRA_ALUMINUM', 'Amount', '12'),
('RH_IMMORTAL_AT_CLASSICAL_EXTRA_URANIUM', 'ResourceType', 'RESOURCE_URANIUM'),
('RH_IMMORTAL_AT_CLASSICAL_EXTRA_URANIUM', 'Amount', '15'),
('RH_IMMORTAL_AT_RH_CLASSICAL_STOCKPILE', 'Amount', '50'), -- pvs 30, 40
('RH_EMPEROR_AT_CLASSICAL_EXTRA_IRON', 'ResourceType', 'RESOURCE_IRON'),
('RH_EMPEROR_AT_CLASSICAL_EXTRA_IRON', 'Amount', '1'),
('RH_EMPEROR_AT_CLASSICAL_EXTRA_HORSES', 'ResourceType', 'RESOURCE_HORSES'),
('RH_EMPEROR_AT_CLASSICAL_EXTRA_HORSES', 'Amount', '1'),
('RH_EMPEROR_AT_CLASSICAL_EXTRA_NITER', 'ResourceType', 'RESOURCE_NITER'),
('RH_EMPEROR_AT_CLASSICAL_EXTRA_NITER', 'Amount', '2'),
('RH_EMPEROR_AT_CLASSICAL_EXTRA_COAL', 'ResourceType', 'RESOURCE_COAL'),
('RH_EMPEROR_AT_CLASSICAL_EXTRA_COAL', 'Amount', '1'),
('RH_EMPEROR_AT_CLASSICAL_EXTRA_OIL', 'ResourceType', 'RESOURCE_OIL'),
('RH_EMPEROR_AT_CLASSICAL_EXTRA_OIL', 'Amount', '2'),
('RH_EMPEROR_AT_CLASSICAL_EXTRA_ALUMINUM', 'ResourceType', 'RESOURCE_ALUMINUM'),
('RH_EMPEROR_AT_CLASSICAL_EXTRA_ALUMINUM', 'Amount', '1'),
('RH_EMPEROR_AT_CLASSICAL_EXTRA_URANIUM', 'ResourceType', 'RESOURCE_URANIUM'),
('RH_EMPEROR_AT_CLASSICAL_EXTRA_URANIUM', 'Amount', '2'),
('RH_EMPEROR_AT_RH_CLASSICAL_STOCKPILE', 'Amount', '10'),
('RH_KING_AT_CLASSICAL_EXTRA_OIL', 'ResourceType', 'RESOURCE_OIL'),
('RH_KING_AT_CLASSICAL_EXTRA_OIL', 'Amount', '2'),
('RH_KING_AT_RH_CLASSICAL_STOCKPILE', 'Amount', '10');
--('RH_CLASSICAL_STOCKPILE', 'Amount', '10');

INSERT OR IGNORE INTO Requirements (RequirementId, RequirementType, Inverse) VALUES
('PLAYER_AT_CLASSICAL_ERA_EXTRA_RESOURCES', 'REQUIREMENT_PLAYER_ERA_AT_LEAST', 0),
('REQUIRES_IMMORTAL_EXTRA_RESOURCES', 'REQUIREMENT_PLAYER_HANDICAP_AT_OR_ABOVE', 0),
('REQUIRES_EMPEROR_EXTRA_RESOURCES', 'REQUIREMENT_PLAYER_HANDICAP_AT_OR_ABOVE', 0),
('REQUIRES_KING_EXTRA_RESOURCES', 'REQUIREMENT_PLAYER_HANDICAP_AT_OR_ABOVE', 0);

INSERT OR IGNORE INTO RequirementArguments (RequirementId, Name, Value) VALUES
('PLAYER_AT_CLASSICAL_ERA_EXTRA_RESOURCES', 'EraType', 'ERA_CLASSICAL'),
('REQUIRES_IMMORTAL_EXTRA_RESOURCES', 'Handicap', 'DIFFICULTY_IMMORTAL'),
('REQUIRES_EMPEROR_EXTRA_RESOURCES', 'Handicap', 'DIFFICULTY_EMPEROR'),
('REQUIRES_KING_EXTRA_RESOURCES', 'Handicap', 'DIFFICULTY_KING');

INSERT OR IGNORE INTO RequirementSetRequirements (RequirementSetId, RequirementId) VALUES
('RH_IMMORTAL_AT_CLASSICAL_EXTRA_RESOURCES', 'PLAYER_AT_CLASSICAL_ERA_EXTRA_RESOURCES'),
('RH_IMMORTAL_AT_CLASSICAL_EXTRA_RESOURCES', 'REQUIRES_PLAYER_IS_AI'),
('RH_IMMORTAL_AT_CLASSICAL_EXTRA_RESOURCES', 'REQUIRES_IMMORTAL_EXTRA_RESOURCES'),
('RH_EMPEROR_AT_CLASSICAL_EXTRA_RESOURCES', 'PLAYER_AT_CLASSICAL_ERA_EXTRA_RESOURCES'),
('RH_EMPEROR_AT_CLASSICAL_EXTRA_RESOURCES', 'REQUIRES_PLAYER_IS_AI'),
('RH_EMPEROR_AT_CLASSICAL_EXTRA_RESOURCES', 'REQUIRES_EMPEROR_EXTRA_RESOURCES'),
('RH_KING_AT_CLASSICAL_EXTRA_RESOURCES', 'PLAYER_AT_CLASSICAL_ERA_EXTRA_RESOURCES'),
('RH_KING_AT_CLASSICAL_EXTRA_RESOURCES', 'REQUIRES_PLAYER_IS_AI'),
('RH_KING_AT_CLASSICAL_EXTRA_RESOURCES', 'REQUIRES_KING_EXTRA_RESOURCES'),
('RH_CLASSICAL_ALL_REQ_S', 'PLAYER_AT_CLASSICAL_ERA_EXTRA_RESOURCES');


-- Fuel 

UPDATE GlobalParameters SET Value = 15 WHERE Name ='COMBAT_STRENGTH_REDUCTION_INSUFFICIENT_FUEL';

UPDATE ModifierArguments SET Value =-2 WHERE ModifierId='STANDARD_DIPLOMATIC_CLOSE_TO_VICTORY' AND Name='IncrementValue'; 
UPDATE ModifierArguments SET Value =-5 WHERE ModifierId='STANDARD_DIPLOMATIC_CLOSE_TO_VICTORY' AND Name='InitialValue'; 



/*
UPDATE ModifierArguments SET Value =-9 WHERE ModifierId='AGENDA_DIFFERENT_GOVERNMENT' AND Name='InitialValue'; -- def -6

UPDATE ModifierArguments SET Value =-9 WHERE ModifierId='AGENDA_LOW_NUKE_LOVE' AND Name='InitialValue'; -- def -6

UPDATE ModifierArguments SET Value = 6 WHERE ModifierId='AGENDA_MODIFIER_NOT_WARMONGER' AND Name='InitialValue'; -- def 5

UPDATE ModifierArguments SET Value =-16 WHERE ModifierId='AGENDA_MODIFIER_WARMONGER' AND Name='InitialValue'; -- def -8
*/